{
  "run_id": "A1",
  "config": {
    "dataset": "dblp",
    "k": 3,
    "size_bound": 10,
    "num_updates": 1000,
    "update_type": "insertion",
    "hop_limit": 2,
    "seed": 42
  },
  "dynascsh": {
    "score": [
      0.7303333333333333,
      0.7303333333333333,
      0.7303333333333333,
      0.7303333333333333,
      0.7303333333333333,
      0.7303333333333333,
      0.7303333333333333,
      0.7303333333333333,
      0.7303333333333333,
      0.7303333333333333,
      0.7303333333333333,
      0.6031555555555556,
      0.6031555555555556,
      0.6031555555555556,
      0.6031555555555556,
      0.6031555555555556,
      0.6031555555555556,
      0.6031555555555556,
      0.6031555555555556,
      0.6031555555555556,
      0.6031555555555556,
      0.6031555555555556,
      0.7403333333333333,
      0.7403333333333333,
      0.7403333333333333,
      0.7403333333333333,
      0.7403333333333333,
      0.7403333333333333,
      0.7403333333333333,
      0.7403333333333333,
      0.7403333333333333,
      0.7403333333333333,
      0.7403333333333333
    ],
    "quality_ratio": [
      1.0,
      1.0,
      1.0,
      1.0,
      1.0,
      1.0,
      1.0,
      1.0,
      1.0,
      1.0,
      1.0,
      1.0,
      1.0,
      1.0,
      1.0,
      1.0,
      1.0,
      1.0,
      1.0,
      1.0,
      1.0,
      1.0,
      1.0,
      1.0,
      1.0,
      1.0,
      1.0,
      1.0,
      1.0,
      1.0,
      1.0,
      1.0,
      1.0
    ],
    "time": [
      4.6999994083307683e-05,
      9.470000077271834e-05,
      0.00011110000195913017,
      8.939999679569155e-05,
      8.840000373311341e-05,
      0.00012350000179139897,
      0.00018599999748403206,
      0.00027009999757865444,
      0.00010860000475076959,
      0.00016540000069653615,
      8.97999998414889e-05,
      6.009999924572185e-05,
      0.00011159999849041924,
      0.00021320000087143853,
      8.170000364771113e-05,
      0.00010159999510506168,
      0.00011619999713730067,
      0.00013069999840809032,
      0.00011600000289035961,
      0.0001286000042455271,
      0.00023260000307345763,
      5.729999975301325e-05,
      0.00010650000331224874,
      0.00011839999933727086,
      0.00014419999934034422,
      0.00014450000162469223,
      6.399999983841553e-05,
      0.00010960000508930534,
      0.0001100999943446368,
      9.029999637277797e-05,
      0.00014379999629454687,
      0.00011139999696752056,
      0.00010759999713627622
    ],
    "jaccard": [
      1.0,
      1.0,
      1.0,
      1.0,
      1.0,
      1.0,
      1.0,
      1.0,
      1.0,
      1.0,
      1.0,
      1.0,
      1.0,
      1.0,
      1.0,
      1.0,
      1.0,
      1.0,
      1.0,
      1.0,
      1.0,
      1.0,
      1.0,
      1.0,
      1.0,
      1.0,
      1.0,
      1.0,
      1.0,
      1.0,
      1.0,
      1.0,
      1.0
    ],
    "update_idx": [
      0,
      100,
      200,
      300,
      400,
      500,
      600,
      700,
      800,
      900,
      999,
      0,
      100,
      200,
      300,
      400,
      500,
      600,
      700,
      800,
      900,
      999,
      0,
      100,
      200,
      300,
      400,
      500,
      600,
      700,
      800,
      900,
      999
    ]
  },
  "static": {
    "score": [
      0.7303333333333333,
      0.7303333333333333,
      0.7303333333333333,
      0.7303333333333333,
      0.7303333333333333,
      0.7303333333333333,
      0.7303333333333333,
      0.7303333333333333,
      0.7303333333333333,
      0.7303333333333333,
      0.7303333333333333,
      0.6031555555555556,
      0.6031555555555556,
      0.6031555555555556,
      0.6031555555555556,
      0.6031555555555556,
      0.6031555555555556,
      0.6031555555555556,
      0.6031555555555556,
      0.6031555555555556,
      0.6031555555555556,
      0.6031555555555556,
      0.7403333333333333,
      0.7403333333333333,
      0.7403333333333333,
      0.7403333333333333,
      0.7403333333333333,
      0.7403333333333333,
      0.7403333333333333,
      0.7403333333333333,
      0.7403333333333333,
      0.7403333333333333,
      0.7403333333333333
    ],
    "time": [
      0.37571680000110064,
      0.4079301999954623,
      0.4078122999999323,
      0.4086895000000368,
      0.41407929999695625,
      0.4134106999990763,
      0.40730469999834895,
      0.4064323999991757,
      0.4145446999973501,
      0.4199552999998559,
      0.41821709999931045,
      0.46696869999868795,
      0.407015800003137,
      0.3889790999965044,
      0.3939626999999746,
      0.39157759999943664,
      0.39395259999582777,
      0.394168399994669,
      0.3898447999963537,
      0.39831820000108564,
      0.438503799996397,
      0.4367701000010129,
      0.4365447000018321,
      0.4403770999997505,
      0.4585053999981028,
      0.45112710000103107,
      0.4438118999969447,
      0.4389577000038116,
      0.4374986999973771,
      0.42660630000318633,
      0.4250629000016488,
      0.42017029999988154,
      0.4483283000008669
    ]
  },
  "periodic": {},
  "summary": {
    "avg_dyn_time_ms": 0.12042424218221144,
    "avg_static_time_ms": 418.82258181739775,
    "speedup": 3477.892608895856,
    "avg_jaccard": 1.0,
    "avg_quality_ratio": 1.0,
    "total_checkpoints": 33
  },
  "bb_timeout_tracked": true
}