{
  "run_id": "A2",
  "config": {
    "dataset": "dblp",
    "k": 3,
    "size_bound": 10,
    "num_updates": 1000,
    "update_type": "deletion",
    "hop_limit": 2,
    "seed": 42
  },
  "dynascsh": {
    "score": [
      0.7303333333333333,
      0.6614814814814814,
      0.6163555555555555,
      0.5895833333333333,
      0.5534343434343434,
      0.5534343434343434,
      0.5534343434343434,
      0.5204761904761905,
      0.5128571428571429,
      0.5128571428571429,
      0.537979797979798,
      0.6373931623931623,
      0.6373931623931623,
      0.5671980676328502,
      0.5808333333333333,
      0.5558937198067633,
      0.5558937198067633,
      0.5854166666666667,
      0.5854166666666667,
      0.5680676328502415,
      0.47169590643274856,
      0.4924444444444444,
      0.7099616858237549,
      0.7099616858237549,
      0.7099616858237549,
      0.6692592592592592,
      0.7040996168582376,
      0.7040996168582376,
      0.7040996168582376,
      0.7040996168582376,
      0.7040996168582376,
      0.6972030651340997,
      0.6474074074074074
    ],
    "quality_ratio": [
      1.0,
      0.9057254424666565,
      0.8439373193366804,
      0.8072797809219535,
      0.7577832178471156,
      0.7577832178471156,
      0.7577832178471156,
      0.7126556692964727,
      0.7022233813653258,
      0.7022233813653258,
      0.7366222701685962,
      1.0,
      1.0,
      0.8898715911906601,
      0.9112638283607107,
      0.8721363086475535,
      0.8721363086475535,
      0.9184545759302717,
      0.9184545759302717,
      0.891235843693976,
      0.7400391693279461,
      0.7725913509889373,
      1.0,
      1.0,
      1.0,
      0.9426695448821729,
      0.9917431192660551,
      0.9917431192660551,
      0.9917431192660551,
      0.9917431192660551,
      0.9917431192660551,
      0.9820291419320022,
      0.9118906278107572
    ],
    "time": [
      0.00013159999798517674,
      0.00013019999460084364,
      0.00014459999511018395,
      0.00012150000111432746,
      7.429999823216349e-05,
      0.00013159999798517674,
      0.00013920000492362306,
      0.00015500000154133886,
      0.00017890000162879005,
      0.00015079999866429716,
      0.00013889999536331743,
      0.0002362000013818033,
      0.0001781999962986447,
      0.00014509999891743064,
      0.0001571000029798597,
      0.00010540000221226364,
      0.00011690000246744603,
      0.00023920000239741057,
      0.00011079999967478216,
      9.750000026542693e-05,
      0.00013529999705497175,
      9.250000584870577e-05,
      0.00012240000069141388,
      0.0001790000023902394,
      0.0002066000015474856,
      0.00011850000009872019,
      0.0001244000013684854,
      0.00015379999967990443,
      0.00010550000297371298,
      0.00010840000322787091,
      0.0001460999992559664,
      8.620000153314322e-05,
      0.00012430000060703605
    ],
    "jaccard": [
      1.0,
      0.8181818181818182,
      0.42857142857142855,
      0.25,
      0.25,
      0.25,
      0.25,
      0.25,
      0.25,
      0.25,
      0.17647058823529413,
      1.0,
      1.0,
      0.3333333333333333,
      0.3333333333333333,
      0.3333333333333333,
      0.3333333333333333,
      0.1111111111111111,
      0.1111111111111111,
      0.1111111111111111,
      0.1111111111111111,
      0.1111111111111111,
      1.0,
      1.0,
      1.0,
      0.1111111111111111,
      0.1111111111111111,
      0.1111111111111111,
      0.1111111111111111,
      0.1111111111111111,
      0.1111111111111111,
      0.17647058823529413,
      0.05263157894736842
    ],
    "update_idx": [
      0,
      100,
      200,
      300,
      400,
      500,
      600,
      700,
      800,
      900,
      999,
      0,
      100,
      200,
      300,
      400,
      500,
      600,
      700,
      800,
      900,
      999,
      0,
      100,
      200,
      300,
      400,
      500,
      600,
      700,
      800,
      900,
      999
    ]
  },
  "static": {
    "score": [
      0.7303333333333333,
      0.7303333333333333,
      0.7303333333333333,
      0.7303333333333333,
      0.7303333333333333,
      0.7303333333333333,
      0.7303333333333333,
      0.7303333333333333,
      0.7303333333333333,
      0.7303333333333333,
      0.7303333333333333,
      0.6373931623931623,
      0.6373931623931623,
      0.6373931623931623,
      0.6373931623931623,
      0.6373931623931623,
      0.6373931623931623,
      0.6373931623931623,
      0.6373931623931623,
      0.6373931623931623,
      0.6373931623931623,
      0.6373931623931623,
      0.7099616858237549,
      0.7099616858237549,
      0.7099616858237549,
      0.7099616858237549,
      0.7099616858237549,
      0.7099616858237549,
      0.7099616858237549,
      0.7099616858237549,
      0.7099616858237549,
      0.7099616858237549,
      0.7099616858237549
    ],
    "time": [
      0.40897649999533314,
      0.4170088000028045,
      0.41248060000361875,
      0.4334464999992633,
      0.41289709999546176,
      0.41241420000005746,
      0.4168024000027799,
      0.4256569999997737,
      0.5056779000005918,
      0.5370296999972197,
      0.5293185999980778,
      0.505950999999186,
      0.5526143000024604,
      0.5277157000018633,
      0.39000059999671066,
      0.4636372000022675,
      0.4911112999980105,
      0.5294257999994443,
      0.5308479000013904,
      0.5508373999982723,
      0.5539210999995703,
      0.4743369999996503,
      0.5112232999963453,
      0.4295905000035418,
      0.44731180000235327,
      0.43135220000112895,
      0.4545377999966149,
      0.4315165000007255,
      0.42904339999950025,
      0.42719860000215704,
      0.42919460000121035,
      0.43713860000571003,
      0.41534430000319844
    ]
  },
  "periodic": {},
  "summary": {
    "avg_dyn_time_ms": 0.13896969727339278,
    "avg_static_time_ms": 464.41091515170586,
    "speedup": 3341.814253492097,
    "avg_jaccard": 0.36236004720384096,
    "avg_quality_ratio": 0.886833495822286,
    "total_checkpoints": 33
  },
  "bb_timeout_tracked": true
}