{
  "run_id": "A3",
  "config": {
    "dataset": "dblp",
    "k": 3,
    "size_bound": 10,
    "num_updates": 1000,
    "update_type": "mixed",
    "hop_limit": 2,
    "seed": 42
  },
  "dynascsh": {
    "score": [
      0.7303333333333333,
      0.7075478927203066,
      0.7075478927203066,
      0.7075478927203066,
      0.7075478927203066,
      0.7075478927203066,
      0.7075478927203066,
      0.7075478927203066,
      0.664074074074074,
      0.664074074074074,
      0.677936507936508,
      0.6786507936507936,
      0.6255555555555556,
      0.6255555555555556,
      0.6255555555555556,
      0.6255555555555556,
      0.6255555555555556,
      0.6255555555555556,
      0.6255555555555556,
      0.6255555555555556,
      0.6255555555555556,
      0.6255555555555556,
      0.7140079365079365,
      0.7061507936507937,
      0.7061507936507937,
      0.7061507936507937,
      0.7061507936507937,
      0.7061507936507937,
      0.7061507936507937,
      0.7061507936507937,
      0.7061507936507937,
      0.7061507936507937,
      0.7061507936507937
    ],
    "quality_ratio": [
      1.0,
      0.9688013136289,
      0.9688013136289,
      0.9688013136289,
      0.9688013136289,
      0.9688013136289,
      0.9688013136289,
      0.9688013136289,
      0.9092753182210052,
      0.9092753182210052,
      0.9282562865401752,
      1.0,
      0.9217635364284881,
      0.9217635364284881,
      0.9217635364284881,
      0.9217635364284881,
      0.9217635364284881,
      0.9203105843890479,
      0.9203105843890479,
      0.9203105843890479,
      0.9203105843890479,
      0.9203105843890479,
      1.0005004448398576,
      0.9894906583629894,
      0.9894906583629894,
      0.9894906583629894,
      0.9894906583629894,
      0.9894906583629894,
      0.9894906583629894,
      0.9894906583629894,
      0.9894906583629894,
      0.9889957205579949,
      0.9889957205579949
    ],
    "time": [
      0.0001747999995131977,
      5.8999998145736754e-05,
      0.0001697999978205189,
      0.00013740000576945022,
      0.0001663999937591143,
      0.00016939999477472156,
      6.89999942551367e-05,
      7.139999797800556e-05,
      0.00010539999493630603,
      1.4999997802078724e-05,
      9.000003046821803e-06,
      1.799999881768599e-05,
      0.00010889999975915998,
      1.9099999917671084e-05,
      0.0001294999965466559,
      1.2899996363557875e-05,
      0.00014290000399341807,
      0.00011059999815188348,
      0.00015279999934136868,
      7.219999679364264e-05,
      1.4099998224992305e-05,
      6.570000550709665e-05,
      0.0001353999978164211,
      0.0002241000038338825,
      1.4700002793688327e-05,
      0.00016280000272672623,
      0.00018080000154441223,
      1.2899996363557875e-05,
      0.00015859999984968454,
      6.9500005338341e-05,
      0.0001083999959519133,
      0.0001286999977310188,
      0.00012029999925289303
    ],
    "jaccard": [
      1.0,
      0.8181818181818182,
      0.8181818181818182,
      0.8181818181818182,
      0.8181818181818182,
      0.8181818181818182,
      0.8181818181818182,
      0.8181818181818182,
      0.5384615384615384,
      0.5384615384615384,
      0.5384615384615384,
      1.0,
      0.17647058823529413,
      0.17647058823529413,
      0.17647058823529413,
      0.17647058823529413,
      0.17647058823529413,
      0.17647058823529413,
      0.17647058823529413,
      0.17647058823529413,
      0.17647058823529413,
      0.17647058823529413,
      1.0,
      0.8181818181818182,
      0.8181818181818182,
      0.8181818181818182,
      0.8181818181818182,
      0.8181818181818182,
      0.8181818181818182,
      0.8181818181818182,
      0.8181818181818182,
      0.8181818181818182,
      0.8181818181818182
    ],
    "update_idx": [
      0,
      100,
      200,
      300,
      400,
      500,
      600,
      700,
      800,
      900,
      995,
      0,
      100,
      200,
      300,
      400,
      500,
      600,
      700,
      800,
      900,
      999,
      0,
      100,
      200,
      300,
      400,
      500,
      600,
      700,
      800,
      900,
      995
    ]
  },
  "static": {
    "score": [
      0.7303333333333333,
      0.7303333333333333,
      0.7303333333333333,
      0.7303333333333333,
      0.7303333333333333,
      0.7303333333333333,
      0.7303333333333333,
      0.7303333333333333,
      0.7303333333333333,
      0.7303333333333333,
      0.7303333333333333,
      0.6786507936507936,
      0.6786507936507936,
      0.6786507936507936,
      0.6786507936507936,
      0.6786507936507936,
      0.6786507936507936,
      0.6797222222222222,
      0.6797222222222222,
      0.6797222222222222,
      0.6797222222222222,
      0.6797222222222222,
      0.7136507936507936,
      0.7136507936507936,
      0.7136507936507936,
      0.7136507936507936,
      0.7136507936507936,
      0.7136507936507936,
      0.7136507936507936,
      0.7136507936507936,
      0.7136507936507936,
      0.7140079365079365,
      0.7140079365079365
    ],
    "time": [
      0.42610720000084257,
      0.41734770000039134,
      0.4650742999947397,
      0.4125064999971073,
      0.41491379999933997,
      0.43031279999559047,
      0.4597924999980023,
      0.41435679999995045,
      0.42889939999440685,
      0.43995329999597743,
      0.513240100000985,
      0.5623348999943119,
      0.43381180000142194,
      0.44600229999923613,
      0.44698060000519035,
      0.43262220000178786,
      0.4430149999971036,
      0.456829499999003,
      0.43655890000081854,
      0.4283240000004298,
      0.4324055000033695,
      0.43886630000633886,
      0.42526940000243485,
      0.41784239999833517,
      0.4384713000035845,
      0.4360566000032122,
      0.44791100000293227,
      0.4346147000032943,
      0.44288870000309544,
      0.448362700000871,
      0.43955260000075214,
      0.43339080000441754,
      0.44984280000062427
    ]
  },
  "periodic": {},
  "summary": {
    "avg_dyn_time_ms": 0.1002878780127503,
    "avg_static_time_ms": 442.2563151518151,
    "speedup": 4409.868110835768,
    "avg_jaccard": 0.6148236789948015,
    "avg_quality_ratio": 0.9585819356161186,
    "total_checkpoints": 33
  },
  "bb_timeout_tracked": true
}