{
  "run_id": "A7_s20",
  "config": {
    "dataset": "dblp",
    "k": 3,
    "size_bound": 20,
    "num_updates": 500,
    "update_type": "insertion",
    "hop_limit": 2,
    "seed": 42
  },
  "dynascsh": {
    "score": [
      0.4691592617908407,
      0.4691592617908407,
      0.4691592617908407,
      0.4691592617908407,
      0.4691592617908407,
      0.4691592617908407,
      0.4691592617908407,
      0.4691592617908407,
      0.4691592617908407,
      0.4691592617908407,
      0.4691592617908407,
      0.4786032388663968,
      0.4786032388663968,
      0.4786032388663968,
      0.4786032388663968,
      0.4786032388663968,
      0.4786032388663968,
      0.4786032388663968,
      0.4786032388663968,
      0.4786032388663968,
      0.4786032388663968,
      0.4786032388663968,
      0.5165100250626566,
      0.5165100250626566,
      0.5237213622291021,
      0.5237213622291021,
      0.5237213622291021,
      0.5237213622291021,
      0.5237213622291021,
      0.5237213622291021,
      0.5237213622291021,
      0.5237213622291021,
      0.5237213622291021
    ],
    "quality_ratio": [
      1.0,
      1.0,
      0.9997232620126134,
      0.9997232620126134,
      0.9997232620126134,
      0.9997232620126134,
      0.9997232620126134,
      0.9994466771506786,
      0.9994466771506786,
      0.9994466771506786,
      0.9994466771506786,
      1.0,
      1.0,
      1.0,
      1.0,
      1.0,
      1.0,
      1.0,
      1.0,
      1.0,
      1.0,
      1.0,
      1.0,
      1.0,
      1.0139616596320096,
      1.0139616596320096,
      1.0139616596320096,
      1.0139616596320096,
      1.0139616596320096,
      1.0139616596320096,
      1.0139616596320096,
      1.0139616596320096,
      1.0139616596320096
    ],
    "time": [
      7.960000220919028e-05,
      8.759999764151871e-05,
      9.23000043258071e-05,
      0.00011430000449763611,
      0.00010369999654358253,
      0.00011649999942164868,
      0.00017890000162879005,
      0.0001649999976507388,
      8.820000221021473e-05,
      0.00011190000077476725,
      7.590000313939527e-05,
      7.609999738633633e-05,
      0.00020969999604858458,
      0.00018039999849861488,
      0.00015590000111842528,
      0.00010370000381954014,
      0.00016519999917363748,
      8.299999899463728e-05,
      8.820000221021473e-05,
      9.259999933419749e-05,
      0.0001390999968862161,
      3.840000135824084e-05,
      7.989999721758068e-05,
      0.0002421000026515685,
      0.00013100000069243833,
      0.00016730000061215833,
      0.00016089999553514645,
      0.00010289999772794545,
      8.900000102585182e-05,
      0.00011519999679876491,
      0.00011980000272160396,
      0.00011980000272160396,
      8.959999831859022e-05
    ],
    "jaccard": [
      1.0,
      1.0,
      1.0,
      1.0,
      1.0,
      1.0,
      1.0,
      1.0,
      1.0,
      1.0,
      1.0,
      1.0,
      1.0,
      1.0,
      1.0,
      1.0,
      1.0,
      1.0,
      1.0,
      1.0,
      1.0,
      1.0,
      1.0,
      1.0,
      1.0,
      1.0,
      1.0,
      1.0,
      1.0,
      1.0,
      1.0,
      1.0,
      1.0
    ],
    "update_idx": [
      0,
      50,
      100,
      150,
      200,
      250,
      300,
      350,
      400,
      450,
      499,
      0,
      50,
      100,
      150,
      200,
      250,
      300,
      350,
      400,
      450,
      499,
      0,
      50,
      100,
      150,
      200,
      250,
      300,
      350,
      400,
      450,
      499
    ]
  },
  "static": {
    "score": [
      0.4691592617908407,
      0.4691592617908407,
      0.46928913192071087,
      0.46928913192071087,
      0.46928913192071087,
      0.46928913192071087,
      0.46928913192071087,
      0.46941900205058096,
      0.46941900205058096,
      0.46941900205058096,
      0.46941900205058096,
      0.4786032388663968,
      0.4786032388663968,
      0.4786032388663968,
      0.4786032388663968,
      0.4786032388663968,
      0.4786032388663968,
      0.4786032388663968,
      0.4786032388663968,
      0.4786032388663968,
      0.4786032388663968,
      0.4786032388663968,
      0.5165100250626566,
      0.5165100250626566,
      0.5165100250626566,
      0.5165100250626566,
      0.5165100250626566,
      0.5165100250626566,
      0.5165100250626566,
      0.5165100250626566,
      0.5165100250626566,
      0.5165100250626566,
      0.5165100250626566
    ],
    "time": [
      0.4290000999972108,
      0.451725400002033,
      0.41889890000311425,
      0.4398916999998619,
      0.4170384000026388,
      0.4635255000030156,
      0.4311842000024626,
      0.4327791000032448,
      0.4219048999948427,
      0.4347956999990856,
      0.43007130000478355,
      0.3948928000027081,
      0.40131849999306723,
      0.38947860000189394,
      0.4261040999990655,
      0.3931354000014835,
      0.411029700000654,
      0.3923529999956372,
      0.4023933999997098,
      0.3998924999978044,
      0.40876630000275327,
      0.38897840000572614,
      0.4477095999973244,
      0.45097859999805223,
      0.4583414999942761,
      0.44301890000497224,
      0.450874100002693,
      0.43575050000072224,
      0.43750910000380827,
      0.4519164000012097,
      0.4614633000019239,
      0.49254410000139615,
      0.4358284000045387
    ]
  },
  "periodic": {},
  "summary": {
    "avg_dyn_time_ms": 0.1201121212392481,
    "avg_static_time_ms": 428.6391636370822,
    "speedup": 3568.658676698311,
    "avg_jaccard": 1.0,
    "avg_quality_ratio": 1.0036987259198145,
    "total_checkpoints": 33
  },
  "bb_timeout_tracked": true
}