{
  "run_id": "A7_s15",
  "config": {
    "dataset": "dblp",
    "k": 3,
    "size_bound": 15,
    "num_updates": 500,
    "update_type": "insertion",
    "hop_limit": 2,
    "seed": 42
  },
  "dynascsh": {
    "score": [
      0.5445378151260504,
      0.5445378151260504,
      0.5445378151260504,
      0.5445378151260504,
      0.5445378151260504,
      0.5445378151260504,
      0.5445378151260504,
      0.5445378151260504,
      0.5445378151260504,
      0.5445378151260504,
      0.5445378151260504,
      0.5669688644688645,
      0.5669688644688645,
      0.5669688644688645,
      0.5669688644688645,
      0.5669688644688645,
      0.5669688644688645,
      0.5669688644688645,
      0.5669688644688645,
      0.5669688644688645,
      0.5669688644688645,
      0.5669688644688645,
      0.5935449735449735,
      0.5935449735449735,
      0.5935449735449735,
      0.5935449735449735,
      0.5935449735449735,
      0.5935449735449735,
      0.5935449735449735,
      0.5935449735449735,
      0.5935449735449735,
      0.5935449735449735,
      0.5935449735449735
    ],
    "quality_ratio": [
      1.0,
      1.0,
      0.999640047308068,
      0.999640047308068,
      0.999640047308068,
      0.999640047308068,
      0.999640047308068,
      0.9992803536547752,
      0.9992803536547752,
      0.9992803536547752,
      0.9992803536547752,
      1.0,
      1.0,
      1.0,
      1.0,
      1.0,
      1.0,
      1.0,
      1.0,
      1.0,
      1.0,
      1.0,
      1.0,
      1.0,
      1.0,
      1.0,
      1.0,
      1.0,
      1.0,
      1.0,
      1.0,
      1.0,
      1.0
    ],
    "time": [
      4.649999755201861e-05,
      8.610000077169389e-05,
      0.00010310000652680174,
      8.349999552592635e-05,
      0.00010769999789772555,
      0.00010399999882793054,
      9.270000009564683e-05,
      9.310000314144418e-05,
      0.000148899998748675,
      0.00010230000043520704,
      8.489999891025946e-05,
      0.00010450000263517722,
      0.00015249999705702066,
      0.00011250000534346327,
      0.0001269999993382953,
      0.00010430000111227855,
      0.00010710000060498714,
      9.419999696547166e-05,
      7.819999882485718e-05,
      8.919999527279288e-05,
      0.0001277999981539324,
      3.499999729683623e-05,
      8.750000415602699e-05,
      0.0001494999960414134,
      0.00013020000187680125,
      0.00015590000111842528,
      0.00013929999840911478,
      9.560000034980476e-05,
      9.809999755816534e-05,
      0.00012460000289138407,
      0.00012340000102994964,
      0.00011480000102892518,
      9.169999975711107e-05
    ],
    "jaccard": [
      1.0,
      1.0,
      1.0,
      1.0,
      1.0,
      1.0,
      1.0,
      1.0,
      1.0,
      1.0,
      1.0,
      1.0,
      1.0,
      1.0,
      1.0,
      1.0,
      1.0,
      1.0,
      1.0,
      1.0,
      1.0,
      1.0,
      1.0,
      1.0,
      1.0,
      1.0,
      1.0,
      1.0,
      1.0,
      1.0,
      1.0,
      1.0,
      1.0
    ],
    "update_idx": [
      0,
      50,
      100,
      150,
      200,
      250,
      300,
      350,
      400,
      450,
      499,
      0,
      50,
      100,
      150,
      200,
      250,
      300,
      350,
      400,
      450,
      499,
      0,
      50,
      100,
      150,
      200,
      250,
      300,
      350,
      400,
      450,
      499
    ]
  },
  "static": {
    "score": [
      0.5445378151260504,
      0.5445378151260504,
      0.544733893557423,
      0.544733893557423,
      0.544733893557423,
      0.544733893557423,
      0.544733893557423,
      0.5449299719887956,
      0.5449299719887956,
      0.5449299719887956,
      0.5449299719887956,
      0.5669688644688645,
      0.5669688644688645,
      0.5669688644688645,
      0.5669688644688645,
      0.5669688644688645,
      0.5669688644688645,
      0.5669688644688645,
      0.5669688644688645,
      0.5669688644688645,
      0.5669688644688645,
      0.5669688644688645,
      0.5935449735449735,
      0.5935449735449735,
      0.5935449735449735,
      0.5935449735449735,
      0.5935449735449735,
      0.5935449735449735,
      0.5935449735449735,
      0.5935449735449735,
      0.5935449735449735,
      0.5935449735449735,
      0.5935449735449735
    ],
    "time": [
      0.4360277000014321,
      0.4290929999988293,
      0.4267677000025287,
      0.4512761000005412,
      0.44012419999489794,
      0.42644559999462217,
      0.41646659999969415,
      0.4254826000033063,
      0.41416620000381954,
      0.45045589999790536,
      0.43367180000495864,
      0.4182792999999947,
      0.38844970000354806,
      0.37643889999890234,
      0.3867264000000432,
      0.40995200000179466,
      0.3814373999994132,
      0.3983490000027814,
      0.3807734000001801,
      0.39132709999830695,
      0.38819239999429556,
      0.3942220000026282,
      0.4265679000018281,
      0.4368516999966232,
      0.42943319999903906,
      0.4259096999958274,
      0.44365010000183247,
      0.42715709999902174,
      0.5290404999977909,
      0.45384029999695485,
      0.4497635000006994,
      0.43528800000058254,
      0.4437631000037072
    ]
  },
  "periodic": {},
  "summary": {
    "avg_dyn_time_ms": 0.10593030288653221,
    "avg_static_time_ms": 423.1936393938888,
    "speedup": 3995.0196295312667,
    "avg_jaccard": 1.0,
    "avg_quality_ratio": 0.9998582318533165,
    "total_checkpoints": 33
  },
  "bb_timeout_tracked": true
}