{
  "run_id": "A7_s10",
  "config": {
    "dataset": "dblp",
    "k": 3,
    "size_bound": 10,
    "num_updates": 500,
    "update_type": "insertion",
    "hop_limit": 2,
    "seed": 42
  },
  "dynascsh": {
    "score": [
      0.7303333333333333,
      0.7303333333333333,
      0.7303333333333333,
      0.7303333333333333,
      0.7303333333333333,
      0.7303333333333333,
      0.7303333333333333,
      0.7303333333333333,
      0.7303333333333333,
      0.7303333333333333,
      0.7303333333333333,
      0.6755555555555556,
      0.6755555555555556,
      0.6755555555555556,
      0.6755555555555556,
      0.6755555555555556,
      0.6755555555555556,
      0.6755555555555556,
      0.6755555555555556,
      0.6755555555555556,
      0.6755555555555556,
      0.6755555555555556,
      0.75,
      0.75,
      0.75,
      0.75,
      0.75,
      0.75,
      0.75,
      0.75,
      0.75,
      0.75,
      0.75
    ],
    "quality_ratio": [
      1.0,
      1.0,
      1.0,
      1.0,
      1.0,
      1.0,
      1.0,
      0.999543795620438,
      0.999543795620438,
      0.999543795620438,
      0.999543795620438,
      1.0,
      1.0,
      1.0,
      1.0,
      1.0,
      1.0,
      1.0,
      1.0,
      1.0,
      1.0,
      1.0,
      1.0,
      1.0,
      1.0,
      1.0,
      1.0,
      1.0,
      1.0,
      1.0,
      1.0,
      1.0,
      1.0
    ],
    "time": [
      4.78999936603941e-05,
      0.00012830000196117908,
      0.00010679999832063913,
      7.560000085504726e-05,
      0.00010440000187372789,
      0.0001072999948519282,
      8.949999755714089e-05,
      0.00010359999578213319,
      9.359999967273325e-05,
      0.00013550000585382804,
      9.000000136438757e-05,
      6.990000110818073e-05,
      0.00013330000365385786,
      0.00011350000568199903,
      0.0001734000034048222,
      9.57000011112541e-05,
      0.00011369999992894009,
      8.53000019560568e-05,
      0.00012479999713832512,
      0.0001405000002705492,
      0.00013749999925494194,
      4.5900000259280205e-05,
      8.059999527176842e-05,
      0.000258100000792183,
      0.0001264000020455569,
      0.00014820000069448724,
      0.00023259999579750001,
      0.00010730000212788582,
      0.00010170000314246863,
      0.0001432999997632578,
      0.00012350000179139897,
      0.00011449999874457717,
      9.019999561132863e-05
    ],
    "jaccard": [
      1.0,
      1.0,
      1.0,
      1.0,
      1.0,
      1.0,
      1.0,
      1.0,
      1.0,
      1.0,
      1.0,
      1.0,
      1.0,
      1.0,
      1.0,
      1.0,
      1.0,
      1.0,
      1.0,
      1.0,
      1.0,
      1.0,
      1.0,
      1.0,
      1.0,
      1.0,
      1.0,
      1.0,
      1.0,
      1.0,
      1.0,
      1.0,
      1.0
    ],
    "update_idx": [
      0,
      50,
      100,
      150,
      200,
      250,
      300,
      350,
      400,
      450,
      499,
      0,
      50,
      100,
      150,
      200,
      250,
      300,
      350,
      400,
      450,
      499,
      0,
      50,
      100,
      150,
      200,
      250,
      300,
      350,
      400,
      450,
      499
    ]
  },
  "static": {
    "score": [
      0.7303333333333333,
      0.7303333333333333,
      0.7303333333333333,
      0.7303333333333333,
      0.7303333333333333,
      0.7303333333333333,
      0.7303333333333333,
      0.7306666666666666,
      0.7306666666666666,
      0.7306666666666666,
      0.7306666666666666,
      0.6755555555555556,
      0.6755555555555556,
      0.6755555555555556,
      0.6755555555555556,
      0.6755555555555556,
      0.6755555555555556,
      0.6755555555555556,
      0.6755555555555556,
      0.6755555555555556,
      0.6755555555555556,
      0.6755555555555556,
      0.75,
      0.75,
      0.75,
      0.75,
      0.75,
      0.75,
      0.75,
      0.75,
      0.75,
      0.75,
      0.75
    ],
    "time": [
      0.45666580000397516,
      0.44039799999882234,
      0.43762989999959245,
      0.46984010000596754,
      0.45377690000168514,
      0.4494683000011719,
      0.42297490000055404,
      0.4474915999962832,
      0.428698899995652,
      0.4911271000019042,
      0.43325629999890225,
      0.40704420000110986,
      0.4136577000026591,
      0.41308199999912176,
      0.41385710000031395,
      0.4125339999955031,
      0.38708789999509463,
      0.3994581000006292,
      0.4412707999945269,
      0.4518344999960391,
      0.4070101000033901,
      0.4363143000009586,
      0.4496327999950154,
      0.5061087000067346,
      0.4467490999959409,
      0.4365124000032665,
      0.4455954999939422,
      0.45120749999477994,
      0.4720422999962466,
      0.4589916999975685,
      0.4778805999958422,
      0.46183970000129193,
      0.44220340000174474
    ]
  },
  "periodic": {},
  "summary": {
    "avg_dyn_time_ms": 0.11643636367587146,
    "avg_static_time_ms": 441.3103696962494,
    "speedup": 3790.142149446908,
    "avg_jaccard": 1.0,
    "avg_quality_ratio": 0.999944702499447,
    "total_checkpoints": 33
  },
  "bb_timeout_tracked": true
}