{
  "run_id": "A7_s5",
  "config": {
    "dataset": "dblp",
    "k": 3,
    "size_bound": 5,
    "num_updates": 500,
    "update_type": "insertion",
    "hop_limit": 2,
    "seed": 42
  },
  "dynascsh": {
    "score": [
      1.061,
      1.061,
      1.061,
      1.061,
      1.061,
      1.061,
      1.061,
      1.061,
      1.061,
      1.061,
      1.061,
      0.86375,
      0.86375,
      0.86375,
      0.86375,
      0.86375,
      0.86375,
      0.86375,
      0.86375,
      0.86375,
      0.86375,
      0.86375,
      1.089,
      1.089,
      1.089,
      1.089,
      1.089,
      1.089,
      1.089,
      1.089,
      1.089,
      1.089,
      1.089
    ],
    "quality_ratio": [
      1.0,
      1.0,
      1.0,
      1.0,
      1.0,
      1.0,
      1.0,
      1.0,
      1.0,
      1.0,
      1.0,
      1.0,
      1.0,
      1.0,
      1.0,
      1.0,
      1.0,
      1.0,
      1.0,
      1.0,
      1.0,
      1.0,
      1.0,
      1.0,
      1.0,
      1.0,
      1.0,
      1.0,
      1.0,
      1.0,
      1.0,
      1.0,
      1.0
    ],
    "time": [
      4.470000567380339e-05,
      8.95000048330985e-05,
      9.029999637277797e-05,
      6.98000003467314e-05,
      9.4600000011269e-05,
      8.789999992586672e-05,
      9.619999764254317e-05,
      0.00017639999714447185,
      0.00010970000585075468,
      0.00010550000297371298,
      7.080000068526715e-05,
      6.890000076964498e-05,
      0.00012919999426230788,
      0.0001007999962894246,
      0.00013659999967785552,
      9.00999948498793e-05,
      0.00018450000061420724,
      0.00010569999722065404,
      0.00012140000035287812,
      8.10999990790151e-05,
      0.00012100000458303839,
      3.650000144261867e-05,
      7.619999814778566e-05,
      0.0001387999946018681,
      0.00011860000086016953,
      0.00015619999612681568,
      0.00011420000373618677,
      8.70000003487803e-05,
      8.779999916441739e-05,
      0.0001731000011204742,
      0.00012009999772999436,
      0.00010560000373516232,
      0.00015770000027259812
    ],
    "jaccard": [
      1.0,
      1.0,
      1.0,
      1.0,
      1.0,
      1.0,
      1.0,
      1.0,
      1.0,
      1.0,
      1.0,
      1.0,
      1.0,
      1.0,
      1.0,
      1.0,
      1.0,
      1.0,
      1.0,
      1.0,
      1.0,
      1.0,
      1.0,
      1.0,
      1.0,
      1.0,
      1.0,
      1.0,
      1.0,
      1.0,
      1.0,
      1.0,
      1.0
    ],
    "update_idx": [
      0,
      50,
      100,
      150,
      200,
      250,
      300,
      350,
      400,
      450,
      499,
      0,
      50,
      100,
      150,
      200,
      250,
      300,
      350,
      400,
      450,
      499,
      0,
      50,
      100,
      150,
      200,
      250,
      300,
      350,
      400,
      450,
      499
    ]
  },
  "static": {
    "score": [
      1.061,
      1.061,
      1.061,
      1.061,
      1.061,
      1.061,
      1.061,
      1.061,
      1.061,
      1.061,
      1.061,
      0.86375,
      0.86375,
      0.86375,
      0.86375,
      0.86375,
      0.86375,
      0.86375,
      0.86375,
      0.86375,
      0.86375,
      0.86375,
      1.089,
      1.089,
      1.089,
      1.089,
      1.089,
      1.089,
      1.089,
      1.089,
      1.089,
      1.089,
      1.089
    ],
    "time": [
      0.4312783999994281,
      0.4219909000021289,
      0.42416039999807253,
      0.4171825000012177,
      0.45767199999681907,
      0.4374154999968596,
      0.4414126999981818,
      0.48189709999860497,
      0.37917429999652086,
      0.37816190000012284,
      0.3802828000043519,
      0.34451049999915995,
      0.341304499997932,
      0.3452885000006063,
      0.4134263000014471,
      0.39336850000108825,
      0.4491409999973257,
      0.5297045999977854,
      0.3958290999944438,
      0.39263979999668663,
      0.4151770000025863,
      0.3935462000008556,
      0.4268750999981421,
      0.4471616000009817,
      0.4309863000016776,
      0.43353059999935795,
      0.4497174999996787,
      0.4459573999993154,
      0.4279138000056264,
      0.4391080999994301,
      0.4256002999973134,
      0.4338214000017615,
      0.4617158999972162
    ]
  },
  "periodic": {},
  "summary": {
    "avg_dyn_time_ms": 0.10746969686200221,
    "avg_static_time_ms": 420.81674242371895,
    "speedup": 3915.678137289937,
    "avg_jaccard": 1.0,
    "avg_quality_ratio": 1.0,
    "total_checkpoints": 33
  },
  "bb_timeout_tracked": true
}