{
  "run_id": "A8_k6",
  "config": {
    "dataset": "dblp",
    "k": 6,
    "size_bound": 10,
    "num_updates": 500,
    "update_type": "insertion",
    "hop_limit": 2,
    "seed": 42
  },
  "dynascsh": {
    "score": [
      0.5670707070707071,
      0.5670707070707071,
      0.5670707070707071,
      0.5670707070707071,
      0.5670707070707071,
      0.5670707070707071,
      0.5670707070707071,
      0.5670707070707071,
      0.5670707070707071,
      0.5670707070707071,
      0.5670707070707071,
      0.5661616161616161,
      0.5661616161616161,
      0.5661616161616161,
      0.5661616161616161,
      0.5661616161616161,
      0.5661616161616161,
      0.5661616161616161,
      0.5661616161616161,
      0.5661616161616161,
      0.5661616161616161,
      0.5661616161616161,
      0.7147222222222223,
      0.7147222222222223,
      0.7147222222222223,
      0.7147222222222223,
      0.7147222222222223,
      0.7147222222222223,
      0.7147222222222223,
      0.7147222222222223,
      0.7147222222222223,
      0.7147222222222223,
      0.7147222222222223
    ],
    "quality_ratio": [
      1.0,
      1.0,
      1.0,
      1.0,
      1.0,
      1.0,
      1.0,
      1.0,
      1.0,
      1.0,
      1.0,
      1.0,
      1.0,
      1.0,
      1.0,
      1.0,
      1.0,
      1.0,
      1.0,
      1.0,
      1.0,
      1.0,
      1.0,
      1.0,
      1.0,
      1.0,
      1.0,
      1.0,
      1.0,
      1.0,
      1.0,
      1.0,
      1.0
    ],
    "time": [
      4.410000110510737e-05,
      7.609999738633633e-05,
      9.819999831961468e-05,
      6.900000153109431e-05,
      0.00010070000280393288,
      8.900000102585182e-05,
      8.749999688006938e-05,
      0.00015980000171111897,
      0.00010589999874355271,
      0.00011700000322889537,
      8.140000136336312e-05,
      7.03999976394698e-05,
      0.0001229999979841523,
      0.00010340000153519213,
      0.0001244000013684854,
      0.00015430000348715112,
      0.00011229999654460698,
      7.690000347793102e-05,
      8.53000019560568e-05,
      0.00012889999925391749,
      0.00011699999595293775,
      3.6799996451009065e-05,
      7.660000119358301e-05,
      0.00014930000179447234,
      0.00011719999747583643,
      0.0001621999981580302,
      0.0001384999995934777,
      9.370000043418258e-05,
      8.850000449456275e-05,
      0.00011509999603731558,
      0.00011249999806750566,
      0.00010720000136643648,
      9.010000212583691e-05
    ],
    "jaccard": [
      1.0,
      1.0,
      1.0,
      1.0,
      1.0,
      1.0,
      1.0,
      1.0,
      1.0,
      1.0,
      1.0,
      1.0,
      1.0,
      1.0,
      1.0,
      1.0,
      1.0,
      1.0,
      1.0,
      1.0,
      1.0,
      1.0,
      1.0,
      1.0,
      1.0,
      1.0,
      1.0,
      1.0,
      1.0,
      1.0,
      1.0,
      1.0,
      1.0
    ],
    "update_idx": [
      0,
      50,
      100,
      150,
      200,
      250,
      300,
      350,
      400,
      450,
      499,
      0,
      50,
      100,
      150,
      200,
      250,
      300,
      350,
      400,
      450,
      499,
      0,
      50,
      100,
      150,
      200,
      250,
      300,
      350,
      400,
      450,
      499
    ]
  },
  "static": {
    "score": [
      0.5670707070707071,
      0.5670707070707071,
      0.5670707070707071,
      0.5670707070707071,
      0.5670707070707071,
      0.5670707070707071,
      0.5670707070707071,
      0.5670707070707071,
      0.5670707070707071,
      0.5670707070707071,
      0.5670707070707071,
      0.5661616161616161,
      0.5661616161616161,
      0.5661616161616161,
      0.5661616161616161,
      0.5661616161616161,
      0.5661616161616161,
      0.5661616161616161,
      0.5661616161616161,
      0.5661616161616161,
      0.5661616161616161,
      0.5661616161616161,
      0.7147222222222223,
      0.7147222222222223,
      0.7147222222222223,
      0.7147222222222223,
      0.7147222222222223,
      0.7147222222222223,
      0.7147222222222223,
      0.7147222222222223,
      0.7147222222222223,
      0.7147222222222223,
      0.7147222222222223
    ],
    "time": [
      0.4203306999988854,
      0.426200300003984,
      0.414859600001364,
      0.4229745999982697,
      0.45811230000254,
      0.42212650000146823,
      0.40907139999762876,
      0.4141522999998415,
      0.4469226000001072,
      0.416947199999413,
      0.43097039999702247,
      0.39312030000292,
      0.37618889999430394,
      0.3863781999971252,
      0.3766392999968957,
      0.3777593999984674,
      0.3992727000004379,
      0.37866489999578334,
      0.37435399999958463,
      0.4159137999959057,
      0.3909658999982639,
      0.38858990000153426,
      0.5175901999973576,
      0.43306000000302447,
      0.444380100001581,
      0.38791490000585327,
      0.38491849999991246,
      0.3853369999997085,
      0.38482680000015534,
      0.38368829999672016,
      0.38441519999469165,
      0.3815115000033984,
      0.385317500004021
    ]
  },
  "periodic": {},
  "summary": {
    "avg_dyn_time_ms": 0.10340303031791172,
    "avg_static_time_ms": 406.468945454187,
    "speedup": 3930.919086263737,
    "avg_jaccard": 1.0,
    "avg_quality_ratio": 1.0,
    "total_checkpoints": 33
  },
  "bb_timeout_tracked": true
}