{
  "run_id": "A8_k5",
  "config": {
    "dataset": "dblp",
    "k": 5,
    "size_bound": 10,
    "num_updates": 500,
    "update_type": "insertion",
    "hop_limit": 2,
    "seed": 42
  },
  "dynascsh": {
    "score": [
      0.6066666666666667,
      0.6066666666666667,
      0.6066666666666667,
      0.6066666666666667,
      0.6066666666666667,
      0.6066666666666667,
      0.6066666666666667,
      0.6066666666666667,
      0.6066666666666667,
      0.6066666666666667,
      0.6307555555555556,
      0.6733333333333333,
      0.6733333333333333,
      0.6733333333333333,
      0.6733333333333333,
      0.6733333333333333,
      0.6733333333333333,
      0.6733333333333333,
      0.6733333333333333,
      0.6733333333333333,
      0.6733333333333333,
      0.6733333333333333,
      0.7303065134099618,
      0.7303065134099618,
      0.7303065134099618,
      0.7303065134099618,
      0.7303065134099618,
      0.7303065134099618,
      0.7303065134099618,
      0.7303065134099618,
      0.7303065134099618,
      0.7303065134099618,
      0.7303065134099618
    ],
    "quality_ratio": [
      1.0,
      1.0,
      1.0,
      1.0,
      1.0,
      1.0,
      1.0,
      0.9993136582017845,
      0.9993136582017845,
      0.9993136582017845,
      1.0389933653626173,
      1.0,
      1.0,
      1.0,
      1.0,
      1.0,
      1.0,
      1.0,
      1.0,
      1.0,
      1.0,
      1.0,
      1.0,
      1.0,
      1.0,
      1.0,
      1.0,
      1.0,
      1.0,
      1.0,
      1.0,
      1.0,
      1.0
    ],
    "time": [
      4.459999763639644e-05,
      0.00014120000560069457,
      0.00018089999502990395,
      0.00010599999950500205,
      9.890000364976004e-05,
      9.639999916544184e-05,
      9.129999671131372e-05,
      9.049999789567664e-05,
      8.840000373311341e-05,
      0.00010550000297371298,
      7.139999797800556e-05,
      7.79999973019585e-05,
      0.0001570999957039021,
      0.00010659999679774046,
      0.0001329000006080605,
      0.0001655999949434772,
      0.00011749999976018444,
      8.370000432478264e-05,
      7.420000474667177e-05,
      8.830000297166407e-05,
      0.00016310000501107424,
      4.239999543642625e-05,
      0.00013899999612476677,
      0.00015809999604243785,
      0.00020020000374643132,
      0.0001436000020476058,
      0.00011409999569877982,
      0.00012289999722270295,
      0.00010060000204248354,
      0.00012100000458303839,
      0.00012830000196117908,
      0.00010350000229664147,
      8.969999908003956e-05
    ],
    "jaccard": [
      1.0,
      1.0,
      1.0,
      1.0,
      1.0,
      1.0,
      1.0,
      1.0,
      1.0,
      1.0,
      1.0,
      1.0,
      1.0,
      1.0,
      1.0,
      1.0,
      1.0,
      1.0,
      1.0,
      1.0,
      1.0,
      1.0,
      1.0,
      1.0,
      1.0,
      1.0,
      1.0,
      1.0,
      1.0,
      1.0,
      1.0,
      1.0,
      1.0
    ],
    "update_idx": [
      0,
      50,
      100,
      150,
      200,
      250,
      300,
      350,
      400,
      450,
      499,
      0,
      50,
      100,
      150,
      200,
      250,
      300,
      350,
      400,
      450,
      499,
      0,
      50,
      100,
      150,
      200,
      250,
      300,
      350,
      400,
      450,
      499
    ]
  },
  "static": {
    "score": [
      0.6066666666666667,
      0.6066666666666667,
      0.6066666666666667,
      0.6066666666666667,
      0.6066666666666667,
      0.6066666666666667,
      0.6066666666666667,
      0.6070833333333333,
      0.6070833333333333,
      0.6070833333333333,
      0.6070833333333333,
      0.6733333333333333,
      0.6733333333333333,
      0.6733333333333333,
      0.6733333333333333,
      0.6733333333333333,
      0.6733333333333333,
      0.6733333333333333,
      0.6733333333333333,
      0.6733333333333333,
      0.6733333333333333,
      0.6733333333333333,
      0.7303065134099618,
      0.7303065134099618,
      0.7303065134099618,
      0.7303065134099618,
      0.7303065134099618,
      0.7303065134099618,
      0.7303065134099618,
      0.7303065134099618,
      0.7303065134099618,
      0.7303065134099618,
      0.7303065134099618
    ],
    "time": [
      0.4585700999959954,
      0.5104930000015884,
      0.5623670999993919,
      0.5487865999966743,
      0.4414926000026753,
      0.45245109999814304,
      0.4280614000017522,
      0.42852359999960754,
      0.4758863000024576,
      0.44164749999617925,
      0.4229284999964875,
      0.39276569999492494,
      0.3986275999995996,
      0.3891269999949145,
      0.39843719999771565,
      0.4048024000003352,
      0.39261719999922207,
      0.3885069999960251,
      0.3901197000013781,
      0.398305499998969,
      0.4055466999998316,
      0.3808206999965478,
      0.4449516999957268,
      0.44743530000414466,
      0.45066789999691537,
      0.4279196999996202,
      0.439346300001489,
      0.421673800003191,
      0.4218248999968637,
      0.4250058000034187,
      0.4180722999954014,
      0.4361196000027121,
      0.449560000000929
    ]
  },
  "periodic": {},
  "summary": {
    "avg_dyn_time_ms": 0.11349999994942636,
    "avg_static_time_ms": 433.13520605972207,
    "speedup": 3816.1692180856353,
    "avg_jaccard": 1.0,
    "avg_quality_ratio": 1.001119222423272,
    "total_checkpoints": 33
  },
  "bb_timeout_tracked": true
}