{
  "run_id": "A8_k3",
  "config": {
    "dataset": "dblp",
    "k": 3,
    "size_bound": 10,
    "num_updates": 500,
    "update_type": "insertion",
    "hop_limit": 2,
    "seed": 42
  },
  "dynascsh": {
    "score": [
      0.7303333333333333,
      0.7303333333333333,
      0.7303333333333333,
      0.7303333333333333,
      0.7303333333333333,
      0.7303333333333333,
      0.7303333333333333,
      0.7303333333333333,
      0.7303333333333333,
      0.7303333333333333,
      0.7303333333333333,
      0.6755555555555556,
      0.6755555555555556,
      0.6755555555555556,
      0.6755555555555556,
      0.6755555555555556,
      0.6755555555555556,
      0.6755555555555556,
      0.6755555555555556,
      0.6755555555555556,
      0.6755555555555556,
      0.6755555555555556,
      0.75,
      0.75,
      0.75,
      0.75,
      0.75,
      0.75,
      0.75,
      0.75,
      0.75,
      0.75,
      0.75
    ],
    "quality_ratio": [
      1.0,
      1.0,
      1.0,
      1.0,
      1.0,
      1.0,
      1.0,
      0.999543795620438,
      0.999543795620438,
      0.999543795620438,
      0.999543795620438,
      1.0,
      1.0,
      1.0,
      1.0,
      1.0,
      1.0,
      1.0,
      1.0,
      1.0,
      1.0,
      1.0,
      1.0,
      1.0,
      1.0,
      1.0,
      1.0,
      1.0,
      1.0,
      1.0,
      1.0,
      1.0,
      1.0
    ],
    "time": [
      4.320000152802095e-05,
      0.00013839999883202836,
      8.499999967170879e-05,
      7.050000567687675e-05,
      0.00011490000179037452,
      8.769999840296805e-05,
      9.259999933419749e-05,
      8.920000254875049e-05,
      9.280000085709617e-05,
      0.00010340000153519213,
      7.029999687802047e-05,
      0.00012550000246847048,
      0.00020300000323913991,
      9.860000136541203e-05,
      0.00012550000246847048,
      9.369999315822497e-05,
      0.00011829999857582152,
      8.329999400302768e-05,
      8.10999990790151e-05,
      8.27999974717386e-05,
      0.00011500000255182385,
      8.879999950295314e-05,
      9.970000246539712e-05,
      0.0001418999963789247,
      0.00013280000712256879,
      0.00015809999604243785,
      0.00012710000009974465,
      0.00010140000085812062,
      0.0001007999962894246,
      0.00017949999892152846,
      0.0001390999968862161,
      0.00010769999789772555,
      0.00015069999790284783
    ],
    "jaccard": [
      1.0,
      1.0,
      1.0,
      1.0,
      1.0,
      1.0,
      1.0,
      1.0,
      1.0,
      1.0,
      1.0,
      1.0,
      1.0,
      1.0,
      1.0,
      1.0,
      1.0,
      1.0,
      1.0,
      1.0,
      1.0,
      1.0,
      1.0,
      1.0,
      1.0,
      1.0,
      1.0,
      1.0,
      1.0,
      1.0,
      1.0,
      1.0,
      1.0
    ],
    "update_idx": [
      0,
      50,
      100,
      150,
      200,
      250,
      300,
      350,
      400,
      450,
      499,
      0,
      50,
      100,
      150,
      200,
      250,
      300,
      350,
      400,
      450,
      499,
      0,
      50,
      100,
      150,
      200,
      250,
      300,
      350,
      400,
      450,
      499
    ]
  },
  "static": {
    "score": [
      0.7303333333333333,
      0.7303333333333333,
      0.7303333333333333,
      0.7303333333333333,
      0.7303333333333333,
      0.7303333333333333,
      0.7303333333333333,
      0.7306666666666666,
      0.7306666666666666,
      0.7306666666666666,
      0.7306666666666666,
      0.6755555555555556,
      0.6755555555555556,
      0.6755555555555556,
      0.6755555555555556,
      0.6755555555555556,
      0.6755555555555556,
      0.6755555555555556,
      0.6755555555555556,
      0.6755555555555556,
      0.6755555555555556,
      0.6755555555555556,
      0.75,
      0.75,
      0.75,
      0.75,
      0.75,
      0.75,
      0.75,
      0.75,
      0.75,
      0.75,
      0.75
    ],
    "time": [
      0.4177530000015395,
      0.5475441000016872,
      0.41760409999551484,
      0.4080018000022392,
      0.419281200003752,
      0.45043010000517825,
      0.4153315000003204,
      0.4329460000008112,
      0.4175429000024451,
      0.4182823000010103,
      0.44132790000003297,
      0.43292120000114664,
      0.4225728999954299,
      0.3691839000020991,
      0.3856054999996559,
      0.3516438000006019,
      0.42626710000331514,
      0.38924039999983506,
      0.3686738000033074,
      0.44189639999967767,
      0.3879778999980772,
      0.38138769999932265,
      0.43581199999607634,
      0.4496547000017017,
      0.45812280000245664,
      0.44381470000371337,
      0.4526079999996,
      0.5106635999982245,
      0.42668760000378825,
      0.4292875000028289,
      0.42185849999805214,
      0.42180740000185324,
      0.4176205000039772
    ]
  },
  "periodic": {},
  "summary": {
    "avg_dyn_time_ms": 0.11037575732740207,
    "avg_static_time_ms": 424.5864484857355,
    "speedup": 3846.736446177271,
    "avg_jaccard": 1.0,
    "avg_quality_ratio": 0.999944702499447,
    "total_checkpoints": 33
  },
  "bb_timeout_tracked": true
}