{
  "run_id": "A8_k4",
  "config": {
    "dataset": "dblp",
    "k": 4,
    "size_bound": 10,
    "num_updates": 500,
    "update_type": "insertion",
    "hop_limit": 2,
    "seed": 42
  },
  "dynascsh": {
    "score": [
      0.7303333333333333,
      0.7303333333333333,
      0.7303333333333333,
      0.7303333333333333,
      0.7303333333333333,
      0.7303333333333333,
      0.7303333333333333,
      0.7303333333333333,
      0.7303333333333333,
      0.7303333333333333,
      0.7303333333333333,
      0.6882936507936508,
      0.6882936507936508,
      0.6882936507936508,
      0.6882936507936508,
      0.6882936507936508,
      0.6882936507936508,
      0.6882936507936508,
      0.6882936507936508,
      0.6882936507936508,
      0.6882936507936508,
      0.6882936507936508,
      0.7506666666666666,
      0.7506666666666666,
      0.7506666666666666,
      0.7506666666666666,
      0.7506666666666666,
      0.7506666666666666,
      0.7506666666666666,
      0.7506666666666666,
      0.7506666666666666,
      0.7506666666666666,
      0.7506666666666666
    ],
    "quality_ratio": [
      1.0,
      1.0,
      1.0,
      1.0,
      1.0,
      1.0,
      1.0,
      0.999543795620438,
      0.999543795620438,
      0.999543795620438,
      0.999543795620438,
      1.0,
      1.0,
      1.0,
      1.0,
      1.0,
      1.0,
      1.0,
      1.0,
      1.0,
      1.0,
      1.0,
      1.0,
      1.0,
      1.0,
      1.0,
      1.0,
      1.0,
      1.0,
      1.0,
      1.0,
      1.0,
      1.0
    ],
    "time": [
      4.990000161342323e-05,
      7.750000077066943e-05,
      8.540000271750614e-05,
      0.00010520000068936497,
      9.57000011112541e-05,
      0.00014319999900180846,
      9.240000508725643e-05,
      9.029999637277797e-05,
      8.55999969644472e-05,
      0.00010969999857479706,
      6.990000110818073e-05,
      6.98000003467314e-05,
      0.0001292000015382655,
      9.680000221123919e-05,
      0.00012419999984558672,
      9.510000381851569e-05,
      0.00016090000281110406,
      9.779999527381733e-05,
      7.760000153211877e-05,
      8.359999628737569e-05,
      0.00011509999603731558,
      3.640000068116933e-05,
      7.439999899361283e-05,
      0.00013939999917056412,
      0.00013100000069243833,
      0.00015490000077988952,
      0.0001368000012007542,
      0.00010299999848939478,
      9.539999882690609e-05,
      0.00018699999782256782,
      0.00011049999739043415,
      0.00015220000204863027,
      8.86999987415038e-05
    ],
    "jaccard": [
      1.0,
      1.0,
      1.0,
      1.0,
      1.0,
      1.0,
      1.0,
      1.0,
      1.0,
      1.0,
      1.0,
      1.0,
      1.0,
      1.0,
      1.0,
      1.0,
      1.0,
      1.0,
      1.0,
      1.0,
      1.0,
      1.0,
      1.0,
      1.0,
      1.0,
      1.0,
      1.0,
      1.0,
      1.0,
      1.0,
      1.0,
      1.0,
      1.0
    ],
    "update_idx": [
      0,
      50,
      100,
      150,
      200,
      250,
      300,
      350,
      400,
      450,
      499,
      0,
      50,
      100,
      150,
      200,
      250,
      300,
      350,
      400,
      450,
      499,
      0,
      50,
      100,
      150,
      200,
      250,
      300,
      350,
      400,
      450,
      499
    ]
  },
  "static": {
    "score": [
      0.7303333333333333,
      0.7303333333333333,
      0.7303333333333333,
      0.7303333333333333,
      0.7303333333333333,
      0.7303333333333333,
      0.7303333333333333,
      0.7306666666666666,
      0.7306666666666666,
      0.7306666666666666,
      0.7306666666666666,
      0.6882936507936508,
      0.6882936507936508,
      0.6882936507936508,
      0.6882936507936508,
      0.6882936507936508,
      0.6882936507936508,
      0.6882936507936508,
      0.6882936507936508,
      0.6882936507936508,
      0.6882936507936508,
      0.6882936507936508,
      0.7506666666666666,
      0.7506666666666666,
      0.7506666666666666,
      0.7506666666666666,
      0.7506666666666666,
      0.7506666666666666,
      0.7506666666666666,
      0.7506666666666666,
      0.7506666666666666,
      0.7506666666666666,
      0.7506666666666666
    ],
    "time": [
      0.4087392000001273,
      0.42843290000018897,
      0.41205539999646135,
      0.40812259999802336,
      0.4105682000008528,
      0.4053612999996403,
      0.41137850000086473,
      0.40573500000027707,
      0.4082621999987168,
      0.4054422999979579,
      0.41399249999813037,
      0.3931763000000501,
      0.3729458000016166,
      0.3921810999963782,
      0.3919432999973651,
      0.38683640000090236,
      0.3739856999964104,
      0.38321369999903254,
      0.38071750000381144,
      0.3959527999977581,
      0.382751900004223,
      0.3899174000034691,
      0.42248600000311853,
      0.4493077000006451,
      0.42364850000012666,
      0.4330765999984578,
      0.4175738000049023,
      0.44573039999522734,
      0.42289110000274377,
      0.42837280000094324,
      0.4259246999936295,
      0.42723510000359965,
      0.43665980000514537
    ]
  },
  "periodic": {},
  "summary": {
    "avg_dyn_time_ms": 0.10498787874398245,
    "avg_static_time_ms": 408.92783333335746,
    "speedup": 3895.000434579176,
    "avg_jaccard": 1.0,
    "avg_quality_ratio": 0.999944702499447,
    "total_checkpoints": 33
  },
  "bb_timeout_tracked": true
}