{
  "run_id": "B1",
  "config": {
    "dataset": "dblp",
    "k": 3,
    "size_bound": 10,
    "num_updates": 1000,
    "update_type": "insertion",
    "hop_limit": 2,
    "seed": 42
  },
  "dynascsh": {
    "score": [
      0.7303333333333333,
      0.7303333333333333,
      0.7303333333333333,
      0.7303333333333333,
      0.7303333333333333,
      0.7303333333333333,
      0.7303333333333333,
      0.7303333333333333,
      0.7303333333333333,
      0.7303333333333333,
      0.7303333333333333,
      0.6031555555555556,
      0.6031555555555556,
      0.6031555555555556,
      0.6031555555555556,
      0.6031555555555556,
      0.6031555555555556,
      0.6031555555555556,
      0.6031555555555556,
      0.6031555555555556,
      0.6031555555555556,
      0.6031555555555556,
      0.7403333333333333,
      0.7403333333333333,
      0.7403333333333333,
      0.7403333333333333,
      0.7403333333333333,
      0.7403333333333333,
      0.7403333333333333,
      0.7403333333333333,
      0.7403333333333333,
      0.7403333333333333,
      0.7403333333333333
    ],
    "quality_ratio": [
      1.0,
      1.0,
      1.0,
      1.0,
      1.0,
      1.0,
      1.0,
      1.0,
      1.0,
      1.0,
      1.0,
      1.0,
      1.0,
      1.0,
      1.0,
      1.0,
      1.0,
      1.0,
      1.0,
      1.0,
      1.0,
      1.0,
      1.0,
      1.0,
      1.0,
      1.0,
      1.0,
      1.0,
      1.0,
      1.0,
      1.0,
      1.0,
      1.0
    ],
    "time": [
      4.189999890513718e-05,
      8.890000026440248e-05,
      9.380000119563192e-05,
      9.130000398727134e-05,
      8.520000119460747e-05,
      0.00017070000467356294,
      0.00016089999553514645,
      0.0001956999985850416,
      9.940000018104911e-05,
      0.0002010000025620684,
      9.31999966269359e-05,
      6.779999966965988e-05,
      0.00011939999967580661,
      0.00012169999536126852,
      8.880000677891076e-05,
      0.00016099999629659578,
      0.00012479999713832512,
      0.00013310000213095918,
      0.00013000000035390258,
      0.0001905999961309135,
      0.000261799999861978,
      5.690000398317352e-05,
      9.829999908106402e-05,
      0.00010990000009769574,
      0.00011320000339765102,
      0.00013069999840809032,
      6.469999789260328e-05,
      9.700000373413786e-05,
      0.00010520000068936497,
      9.370000043418258e-05,
      0.00011749999976018444,
      8.990000060293823e-05,
      0.00010240000119665638
    ],
    "jaccard": [
      1.0,
      1.0,
      1.0,
      1.0,
      1.0,
      1.0,
      1.0,
      1.0,
      1.0,
      1.0,
      1.0,
      1.0,
      1.0,
      1.0,
      1.0,
      1.0,
      1.0,
      1.0,
      1.0,
      1.0,
      1.0,
      1.0,
      1.0,
      1.0,
      1.0,
      1.0,
      1.0,
      1.0,
      1.0,
      1.0,
      1.0,
      1.0,
      1.0
    ],
    "update_idx": [
      0,
      100,
      200,
      300,
      400,
      500,
      600,
      700,
      800,
      900,
      999,
      0,
      100,
      200,
      300,
      400,
      500,
      600,
      700,
      800,
      900,
      999,
      0,
      100,
      200,
      300,
      400,
      500,
      600,
      700,
      800,
      900,
      999
    ]
  },
  "static": {
    "score": [
      0.7303333333333333,
      0.7303333333333333,
      0.7303333333333333,
      0.7303333333333333,
      0.7303333333333333,
      0.7303333333333333,
      0.7303333333333333,
      0.7303333333333333,
      0.7303333333333333,
      0.7303333333333333,
      0.7303333333333333,
      0.6031555555555556,
      0.6031555555555556,
      0.6031555555555556,
      0.6031555555555556,
      0.6031555555555556,
      0.6031555555555556,
      0.6031555555555556,
      0.6031555555555556,
      0.6031555555555556,
      0.6031555555555556,
      0.6031555555555556,
      0.7403333333333333,
      0.7403333333333333,
      0.7403333333333333,
      0.7403333333333333,
      0.7403333333333333,
      0.7403333333333333,
      0.7403333333333333,
      0.7403333333333333,
      0.7403333333333333,
      0.7403333333333333,
      0.7403333333333333
    ],
    "time": [
      0.37011160000110976,
      0.3719615000009071,
      0.4111565999992308,
      0.4073170999981812,
      0.41209169999638107,
      0.43165890000091167,
      0.42422890000307234,
      0.4521198000002187,
      0.4229972999964957,
      0.42401840000093216,
      0.4287523000020883,
      0.4562246999994386,
      0.4527643999972497,
      0.45598489999974845,
      0.44815749999543186,
      0.4515408000006573,
      0.5035080000016023,
      0.5020862999954261,
      0.47034039999562083,
      0.4472137000047951,
      0.4541581000012229,
      0.42744110000057844,
      0.4319118999992497,
      0.41810770000302,
      0.447443299999577,
      0.42955009999423055,
      0.43492130000231555,
      0.4303885999979684,
      0.41887059999862686,
      0.4212612999981502,
      0.4410046999983024,
      0.4201600000014878,
      0.449973199996748
    ]
  },
  "periodic": {},
  "summary": {
    "avg_dyn_time_ms": 0.11819393958748234,
    "avg_static_time_ms": 435.4371727266963,
    "speedup": 3684.0905231389083,
    "avg_jaccard": 1.0,
    "avg_quality_ratio": 1.0,
    "total_checkpoints": 33
  },
  "bb_timeout_tracked": true
}