{
  "run_id": "B2",
  "config": {
    "dataset": "dblp",
    "k": 3,
    "size_bound": 10,
    "num_updates": 1000,
    "update_type": "deletion",
    "hop_limit": 2,
    "seed": 42
  },
  "dynascsh": {
    "score": [
      0.7303333333333333,
      0.6614814814814814,
      0.6163555555555555,
      0.5895833333333333,
      0.5534343434343434,
      0.5534343434343434,
      0.5534343434343434,
      0.5204761904761905,
      0.5128571428571429,
      0.5128571428571429,
      0.537979797979798,
      0.6373931623931623,
      0.6373931623931623,
      0.5671980676328502,
      0.5808333333333333,
      0.5558937198067633,
      0.5558937198067633,
      0.5854166666666667,
      0.5854166666666667,
      0.5680676328502415,
      0.47169590643274856,
      0.4924444444444444,
      0.7099616858237549,
      0.7099616858237549,
      0.7099616858237549,
      0.6692592592592592,
      0.7040996168582376,
      0.7040996168582376,
      0.7040996168582376,
      0.7040996168582376,
      0.7040996168582376,
      0.6972030651340997,
      0.6474074074074074
    ],
    "quality_ratio": [
      1.0,
      0.9057254424666565,
      0.8439373193366804,
      0.8072797809219535,
      0.7577832178471156,
      0.7577832178471156,
      0.7577832178471156,
      0.7126556692964727,
      0.7022233813653258,
      0.7022233813653258,
      0.7366222701685962,
      1.0,
      1.0,
      0.8898715911906601,
      0.9112638283607107,
      0.8721363086475535,
      0.8721363086475535,
      0.9184545759302717,
      0.9184545759302717,
      0.891235843693976,
      0.7400391693279461,
      0.7725913509889373,
      1.0,
      1.0,
      1.0,
      0.9426695448821729,
      0.9917431192660551,
      0.9917431192660551,
      0.9917431192660551,
      0.9917431192660551,
      0.9917431192660551,
      0.9820291419320022,
      0.9118906278107572
    ],
    "time": [
      0.00013409999519353732,
      0.00012769999739248306,
      0.0001621999981580302,
      0.00012110000534448773,
      7.719999848632142e-05,
      0.00013140000373823568,
      0.0001472000003559515,
      0.00015549999807262793,
      0.00018529999942984432,
      0.00025610000011511147,
      0.00012859999696956947,
      0.00019129999418510124,
      0.00014730000111740083,
      0.00013390000094659626,
      0.00013949999993201345,
      0.00011349999840604141,
      0.00010959999781334773,
      0.00013719999697059393,
      0.0001007999962894246,
      8.969999908003956e-05,
      0.00012679999781539664,
      8.689999958733097e-05,
      9.90999978967011e-05,
      0.00017669999942881986,
      0.00010279999696649611,
      0.00010929999552899972,
      0.00012080000306013972,
      0.00014460000238614157,
      0.00011200000153621659,
      0.00010759999713627622,
      0.00013350000517675653,
      9.359999967273325e-05,
      0.00011029999586753547
    ],
    "jaccard": [
      1.0,
      0.8181818181818182,
      0.42857142857142855,
      0.25,
      0.25,
      0.25,
      0.25,
      0.25,
      0.25,
      0.25,
      0.17647058823529413,
      1.0,
      1.0,
      0.3333333333333333,
      0.3333333333333333,
      0.3333333333333333,
      0.3333333333333333,
      0.1111111111111111,
      0.1111111111111111,
      0.1111111111111111,
      0.1111111111111111,
      0.1111111111111111,
      1.0,
      1.0,
      1.0,
      0.1111111111111111,
      0.1111111111111111,
      0.1111111111111111,
      0.1111111111111111,
      0.1111111111111111,
      0.1111111111111111,
      0.17647058823529413,
      0.05263157894736842
    ],
    "update_idx": [
      0,
      100,
      200,
      300,
      400,
      500,
      600,
      700,
      800,
      900,
      999,
      0,
      100,
      200,
      300,
      400,
      500,
      600,
      700,
      800,
      900,
      999,
      0,
      100,
      200,
      300,
      400,
      500,
      600,
      700,
      800,
      900,
      999
    ]
  },
  "static": {
    "score": [
      0.7303333333333333,
      0.7303333333333333,
      0.7303333333333333,
      0.7303333333333333,
      0.7303333333333333,
      0.7303333333333333,
      0.7303333333333333,
      0.7303333333333333,
      0.7303333333333333,
      0.7303333333333333,
      0.7303333333333333,
      0.6373931623931623,
      0.6373931623931623,
      0.6373931623931623,
      0.6373931623931623,
      0.6373931623931623,
      0.6373931623931623,
      0.6373931623931623,
      0.6373931623931623,
      0.6373931623931623,
      0.6373931623931623,
      0.6373931623931623,
      0.7099616858237549,
      0.7099616858237549,
      0.7099616858237549,
      0.7099616858237549,
      0.7099616858237549,
      0.7099616858237549,
      0.7099616858237549,
      0.7099616858237549,
      0.7099616858237549,
      0.7099616858237549,
      0.7099616858237549
    ],
    "time": [
      0.4863033000001451,
      0.4248401999939233,
      0.4467831000001752,
      0.4216907000009087,
      0.4128668999983347,
      0.42131280000467086,
      0.4358079000012367,
      0.45330159999866737,
      0.4049498999956995,
      0.4753488000060315,
      0.3940182000005734,
      0.39213639999798033,
      0.3958031000001938,
      0.4614565000010771,
      0.4056731000018772,
      0.39427119999891147,
      0.4235506999975769,
      0.4110727000006591,
      0.41251049999846146,
      0.39691279999533435,
      0.39344449999771314,
      0.389630900004704,
      0.4041967000011937,
      0.40881960000115214,
      0.4162741000036476,
      0.43096459999651415,
      0.41533809999964433,
      0.4106917000026442,
      0.4062848999965354,
      0.40334729999449337,
      0.41507129999808967,
      0.5108146999991732,
      0.4185199999992619
    ]
  },
  "periodic": {},
  "summary": {
    "avg_dyn_time_ms": 0.13070302939564554,
    "avg_static_time_ms": 421.030569696582,
    "speedup": 3221.2762905601708,
    "avg_jaccard": 0.36236004720384096,
    "avg_quality_ratio": 0.886833495822286,
    "total_checkpoints": 33
  },
  "bb_timeout_tracked": true
}