{
  "run_id": "C1_full",
  "config": {
    "dataset": "dblp",
    "k": 3,
    "size_bound": 10,
    "num_updates": 500,
    "update_type": "insertion",
    "hop_limit": 2,
    "seed": 42
  },
  "dynascsh": {
    "score": [
      0.7303333333333333,
      0.7303333333333333,
      0.7303333333333333,
      0.7303333333333333,
      0.7303333333333333,
      0.7303333333333333,
      0.7303333333333333,
      0.7303333333333333,
      0.7303333333333333,
      0.7303333333333333,
      0.7303333333333333,
      0.6755555555555556,
      0.6755555555555556,
      0.6755555555555556,
      0.6755555555555556,
      0.6755555555555556,
      0.6755555555555556,
      0.6755555555555556,
      0.6755555555555556,
      0.6755555555555556,
      0.6755555555555556,
      0.6755555555555556,
      0.75,
      0.75,
      0.75,
      0.75,
      0.75,
      0.75,
      0.75,
      0.75,
      0.75,
      0.75,
      0.75
    ],
    "quality_ratio": [
      1.0,
      1.0,
      1.0,
      1.0,
      1.0,
      1.0,
      1.0,
      0.999543795620438,
      0.999543795620438,
      0.999543795620438,
      0.999543795620438,
      1.0,
      1.0,
      1.0,
      1.0,
      1.0,
      1.0,
      1.0,
      1.0,
      1.0,
      1.0,
      1.0,
      1.0,
      1.0,
      1.0,
      1.0,
      1.0,
      1.0,
      1.0,
      1.0,
      1.0,
      1.0,
      1.0
    ],
    "time": [
      4.400000034365803e-05,
      7.300000288523734e-05,
      9.20999955269508e-05,
      6.669999856967479e-05,
      0.00018650000129127875,
      8.320000051753595e-05,
      9.020000288728625e-05,
      9.31999966269359e-05,
      8.53000019560568e-05,
      0.0001140000022132881,
      8.22000001790002e-05,
      7.110000296961516e-05,
      0.00019320000137668103,
      0.0001066999975591898,
      0.0001294999965466559,
      9.169999975711107e-05,
      9.649999992689118e-05,
      8.200000593205914e-05,
      7.990000449353829e-05,
      8.330000127898529e-05,
      0.00011380000069038942,
      3.4500000765547156e-05,
      8.890000026440248e-05,
      0.0001444000008632429,
      0.00011649999942164868,
      0.0001438999970559962,
      0.00013889999536331743,
      8.879999950295314e-05,
      0.00010710000060498714,
      0.00010740000288933516,
      0.00010920000204350799,
      0.00018840000120690092,
      8.819999493425712e-05
    ],
    "jaccard": [
      1.0,
      1.0,
      1.0,
      1.0,
      1.0,
      1.0,
      1.0,
      1.0,
      1.0,
      1.0,
      1.0,
      1.0,
      1.0,
      1.0,
      1.0,
      1.0,
      1.0,
      1.0,
      1.0,
      1.0,
      1.0,
      1.0,
      1.0,
      1.0,
      1.0,
      1.0,
      1.0,
      1.0,
      1.0,
      1.0,
      1.0,
      1.0,
      1.0
    ],
    "update_idx": [
      0,
      50,
      100,
      150,
      200,
      250,
      300,
      350,
      400,
      450,
      499,
      0,
      50,
      100,
      150,
      200,
      250,
      300,
      350,
      400,
      450,
      499,
      0,
      50,
      100,
      150,
      200,
      250,
      300,
      350,
      400,
      450,
      499
    ]
  },
  "static": {
    "score": [
      0.7303333333333333,
      0.7303333333333333,
      0.7303333333333333,
      0.7303333333333333,
      0.7303333333333333,
      0.7303333333333333,
      0.7303333333333333,
      0.7306666666666666,
      0.7306666666666666,
      0.7306666666666666,
      0.7306666666666666,
      0.6755555555555556,
      0.6755555555555556,
      0.6755555555555556,
      0.6755555555555556,
      0.6755555555555556,
      0.6755555555555556,
      0.6755555555555556,
      0.6755555555555556,
      0.6755555555555556,
      0.6755555555555556,
      0.6755555555555556,
      0.75,
      0.75,
      0.75,
      0.75,
      0.75,
      0.75,
      0.75,
      0.75,
      0.75,
      0.75,
      0.75
    ],
    "time": [
      0.3976697999969474,
      0.4072444999983418,
      0.40822610000032,
      0.41161409999767784,
      0.4157749999940279,
      0.3962881999977981,
      0.39980239999567857,
      0.41362439999647904,
      0.39534009999624686,
      0.3902721999984351,
      0.3942576000044937,
      0.3646050000024843,
      0.3803224000002956,
      0.3741518999959226,
      0.3696207999964827,
      0.37364959999831626,
      0.3642760000002454,
      0.365267599998333,
      0.36356300000625197,
      0.3644449999992503,
      0.39684249999845633,
      0.4233322000000044,
      0.43058380000002217,
      0.40968579999753274,
      0.4112587000054191,
      0.40453189999971073,
      0.41769429999840213,
      0.40794889999961015,
      0.41162420000182465,
      0.4094046999962302,
      0.431406199997582,
      0.4262894999992568,
      0.409540200002084
    ]
  },
  "periodic": {},
  "summary": {
    "avg_dyn_time_ms": 0.10346363661951866,
    "avg_static_time_ms": 398.1866242415201,
    "speedup": 3848.565904423287,
    "avg_jaccard": 1.0,
    "avg_quality_ratio": 0.999944702499447,
    "total_checkpoints": 33
  },
  "bb_timeout_tracked": true
}