{
  "run_id": "C2_index_only",
  "config": {
    "dataset": "dblp",
    "k": 3,
    "size_bound": 10,
    "num_updates": 500,
    "update_type": "insertion",
    "hop_limit": 2,
    "seed": 42
  },
  "dynascsh": {
    "score": [
      0.7303333333333333,
      0.7303333333333333,
      0.7303333333333333,
      0.7303333333333333,
      0.7303333333333333,
      0.7303333333333333,
      0.7303333333333333,
      0.7303333333333333,
      0.7303333333333333,
      0.7303333333333333,
      0.7303333333333333,
      0.6755555555555556,
      0.6755555555555556,
      0.6755555555555556,
      0.6755555555555556,
      0.6755555555555556,
      0.6755555555555556,
      0.6755555555555556,
      0.6755555555555556,
      0.6755555555555556,
      0.6755555555555556,
      0.6755555555555556,
      0.75,
      0.75,
      0.75,
      0.75,
      0.75,
      0.75,
      0.75,
      0.75,
      0.75,
      0.75,
      0.75
    ],
    "quality_ratio": [
      1.0,
      1.0,
      1.0,
      1.0,
      1.0,
      1.0,
      1.0,
      0.999543795620438,
      0.999543795620438,
      0.999543795620438,
      0.999543795620438,
      1.0,
      1.0,
      1.0,
      1.0,
      1.0,
      1.0,
      1.0,
      1.0,
      1.0,
      1.0,
      1.0,
      1.0,
      1.0,
      1.0,
      1.0,
      1.0,
      1.0,
      1.0,
      1.0,
      1.0,
      1.0,
      1.0
    ],
    "time": [
      4.86999997519888e-05,
      7.550000009359792e-05,
      8.289999823318794e-05,
      6.790000043110922e-05,
      9.280000085709617e-05,
      0.00013600000238511711,
      8.759999764151871e-05,
      8.880000677891076e-05,
      8.740000339457765e-05,
      0.00010879999899771065,
      0.00012089999654563144,
      6.779999966965988e-05,
      0.00013240000407677144,
      9.780000254977494e-05,
      0.0001621000046725385,
      9.020000288728625e-05,
      9.790000331122428e-05,
      7.789999654050916e-05,
      7.46000005165115e-05,
      8.019999950192869e-05,
      0.00012379999679978937,
      3.529999958118424e-05,
      0.00011030000314349309,
      0.00014009999722475186,
      0.00011539999832166359,
      0.00016190000314963982,
      0.00012670000432990491,
      8.669999806443229e-05,
      8.70000003487803e-05,
      0.00012250000145286322,
      0.00010859999747481197,
      0.00011160000576637685,
      9.00999948498793e-05
    ],
    "jaccard": [
      1.0,
      1.0,
      1.0,
      1.0,
      1.0,
      1.0,
      1.0,
      1.0,
      1.0,
      1.0,
      1.0,
      1.0,
      1.0,
      1.0,
      1.0,
      1.0,
      1.0,
      1.0,
      1.0,
      1.0,
      1.0,
      1.0,
      1.0,
      1.0,
      1.0,
      1.0,
      1.0,
      1.0,
      1.0,
      1.0,
      1.0,
      1.0,
      1.0
    ],
    "update_idx": [
      0,
      50,
      100,
      150,
      200,
      250,
      300,
      350,
      400,
      450,
      499,
      0,
      50,
      100,
      150,
      200,
      250,
      300,
      350,
      400,
      450,
      499,
      0,
      50,
      100,
      150,
      200,
      250,
      300,
      350,
      400,
      450,
      499
    ]
  },
  "static": {
    "score": [
      0.7303333333333333,
      0.7303333333333333,
      0.7303333333333333,
      0.7303333333333333,
      0.7303333333333333,
      0.7303333333333333,
      0.7303333333333333,
      0.7306666666666666,
      0.7306666666666666,
      0.7306666666666666,
      0.7306666666666666,
      0.6755555555555556,
      0.6755555555555556,
      0.6755555555555556,
      0.6755555555555556,
      0.6755555555555556,
      0.6755555555555556,
      0.6755555555555556,
      0.6755555555555556,
      0.6755555555555556,
      0.6755555555555556,
      0.6755555555555556,
      0.75,
      0.75,
      0.75,
      0.75,
      0.75,
      0.75,
      0.75,
      0.75,
      0.75,
      0.75,
      0.75
    ],
    "time": [
      0.49877079999714624,
      0.4307565999988583,
      0.40363480000087293,
      0.40512230000604177,
      0.3925558999981149,
      0.3934462999968673,
      0.4017798999993829,
      0.389201599995431,
      0.3880492000025697,
      0.4046535000015865,
      0.39838310000050114,
      0.3669369999988703,
      0.36575810000067577,
      0.4216063000058057,
      0.384715000000142,
      0.3595132999980706,
      0.37113980000140145,
      0.3765503999966313,
      0.3694201000034809,
      0.3629906000060146,
      0.36834880000242265,
      0.3641714999976102,
      0.4645391000012751,
      0.4124182999948971,
      0.4105431999996654,
      0.4169573000035598,
      0.40992269999696873,
      0.4089098000040394,
      0.41120860000228276,
      0.40388379999785684,
      0.41682849999779137,
      0.41787440000189235,
      0.41447270000207936
    ]
  },
  "periodic": {},
  "summary": {
    "avg_dyn_time_ms": 0.09994545513164309,
    "avg_static_time_ms": 400.1534333336608,
    "speedup": 4003.7181561342536,
    "avg_jaccard": 1.0,
    "avg_quality_ratio": 0.999944702499447,
    "total_checkpoints": 33
  },
  "bb_timeout_tracked": true
}