{
  "run_id": "C3_no_index",
  "config": {
    "dataset": "dblp",
    "k": 3,
    "size_bound": 10,
    "num_updates": 500,
    "update_type": "insertion",
    "hop_limit": 2,
    "seed": 42
  },
  "dynascsh": {
    "score": [
      0.7303333333333333,
      0.7303333333333333,
      0.7303333333333333,
      0.7303333333333333,
      0.7303333333333333,
      0.7303333333333333,
      0.7303333333333333,
      0.7303333333333333,
      0.7303333333333333,
      0.7303333333333333,
      0.7303333333333333,
      0.6755555555555556,
      0.6755555555555556,
      0.6755555555555556,
      0.6755555555555556,
      0.6755555555555556,
      0.6755555555555556,
      0.6755555555555556,
      0.6755555555555556,
      0.6755555555555556,
      0.6755555555555556,
      0.6755555555555556,
      0.75,
      0.75,
      0.75,
      0.75,
      0.75,
      0.75,
      0.75,
      0.75,
      0.75,
      0.75,
      0.75
    ],
    "quality_ratio": [
      1.0,
      1.0,
      1.0,
      1.0,
      1.0,
      1.0,
      1.0,
      0.999543795620438,
      0.999543795620438,
      0.999543795620438,
      0.999543795620438,
      1.0,
      1.0,
      1.0,
      1.0,
      1.0,
      1.0,
      1.0,
      1.0,
      1.0,
      1.0,
      1.0,
      1.0,
      1.0,
      1.0,
      1.0,
      1.0,
      1.0,
      1.0,
      1.0,
      1.0,
      1.0,
      1.0
    ],
    "time": [
      4.020000051241368e-05,
      9.280000085709617e-05,
      8.369999704882503e-05,
      6.839999696239829e-05,
      0.0001081000009435229,
      0.00031879999733064324,
      8.669999806443229e-05,
      9.000000136438757e-05,
      8.769999840296805e-05,
      9.770000178832561e-05,
      9.309999586548656e-05,
      6.70000008540228e-05,
      0.00012819999392377213,
      0.0001480999999330379,
      0.00014280000323196873,
      0.00010759999713627622,
      9.960000170394778e-05,
      7.590000313939527e-05,
      8.089999755611643e-05,
      9.26000066101551e-05,
      0.00012509999942267314,
      3.5099998058285564e-05,
      0.0002845999988494441,
      0.0001399000029778108,
      0.00011580000136746094,
      0.0001421999986632727,
      0.0001246999963768758,
      0.00010620000102790073,
      9.549999958835542e-05,
      0.0001112000027205795,
      0.00010900000052060932,
      0.00010830000246642157,
      8.910000178730115e-05
    ],
    "jaccard": [
      1.0,
      1.0,
      1.0,
      1.0,
      1.0,
      1.0,
      1.0,
      1.0,
      1.0,
      1.0,
      1.0,
      1.0,
      1.0,
      1.0,
      1.0,
      1.0,
      1.0,
      1.0,
      1.0,
      1.0,
      1.0,
      1.0,
      1.0,
      1.0,
      1.0,
      1.0,
      1.0,
      1.0,
      1.0,
      1.0,
      1.0,
      1.0,
      1.0
    ],
    "update_idx": [
      0,
      50,
      100,
      150,
      200,
      250,
      300,
      350,
      400,
      450,
      499,
      0,
      50,
      100,
      150,
      200,
      250,
      300,
      350,
      400,
      450,
      499,
      0,
      50,
      100,
      150,
      200,
      250,
      300,
      350,
      400,
      450,
      499
    ]
  },
  "static": {
    "score": [
      0.7303333333333333,
      0.7303333333333333,
      0.7303333333333333,
      0.7303333333333333,
      0.7303333333333333,
      0.7303333333333333,
      0.7303333333333333,
      0.7306666666666666,
      0.7306666666666666,
      0.7306666666666666,
      0.7306666666666666,
      0.6755555555555556,
      0.6755555555555556,
      0.6755555555555556,
      0.6755555555555556,
      0.6755555555555556,
      0.6755555555555556,
      0.6755555555555556,
      0.6755555555555556,
      0.6755555555555556,
      0.6755555555555556,
      0.6755555555555556,
      0.75,
      0.75,
      0.75,
      0.75,
      0.75,
      0.75,
      0.75,
      0.75,
      0.75,
      0.75,
      0.75
    ],
    "time": [
      0.39661379999597557,
      0.3957195999973919,
      0.391704400004528,
      0.39273319999483647,
      0.3916994999963208,
      0.407558799997787,
      0.3951574000020628,
      0.3965072999999393,
      0.39367930000298657,
      0.40129589999560267,
      0.3942673999990802,
      0.3604023000007146,
      0.37517030000162777,
      0.36144209999474697,
      0.3766216000003624,
      0.36907410000276286,
      0.360771300001943,
      0.37659339999663644,
      0.3751810999965528,
      0.3623466000062763,
      0.3630755999984103,
      0.3843133999980637,
      0.4243077999999514,
      0.40139270000508986,
      0.42093250000471016,
      0.40506140000070445,
      0.414696300002106,
      0.4027208999978029,
      0.409384599995974,
      0.41154480000113836,
      0.40485330000228714,
      0.4101420999941183,
      0.4768225999941933
    ]
  },
  "periodic": {},
  "summary": {
    "avg_dyn_time_ms": 0.11201818172897522,
    "avg_static_time_ms": 394.0541636358389,
    "speedup": 3517.7696830434334,
    "avg_jaccard": 1.0,
    "avg_quality_ratio": 0.999944702499447,
    "total_checkpoints": 33
  },
  "bb_timeout_tracked": true
}