{
  "run_id": "C4_h1",
  "config": {
    "dataset": "dblp",
    "k": 3,
    "size_bound": 10,
    "num_updates": 500,
    "update_type": "insertion",
    "hop_limit": 2,
    "seed": 42
  },
  "dynascsh": {
    "score": [
      0.7303333333333333,
      0.7303333333333333,
      0.7303333333333333,
      0.7303333333333333,
      0.7303333333333333,
      0.7303333333333333,
      0.7303333333333333,
      0.7303333333333333,
      0.7303333333333333,
      0.7303333333333333,
      0.7303333333333333,
      0.6755555555555556,
      0.6755555555555556,
      0.6755555555555556,
      0.6755555555555556,
      0.6755555555555556,
      0.6755555555555556,
      0.6755555555555556,
      0.6755555555555556,
      0.6755555555555556,
      0.6755555555555556,
      0.6755555555555556,
      0.75,
      0.75,
      0.75,
      0.75,
      0.75,
      0.75,
      0.75,
      0.75,
      0.75,
      0.75,
      0.75
    ],
    "quality_ratio": [
      1.0,
      1.0,
      1.0,
      1.0,
      1.0,
      1.0,
      1.0,
      0.999543795620438,
      0.999543795620438,
      0.999543795620438,
      0.999543795620438,
      1.0,
      1.0,
      1.0,
      1.0,
      1.0,
      1.0,
      1.0,
      1.0,
      1.0,
      1.0,
      1.0,
      1.0,
      1.0,
      1.0,
      1.0,
      1.0,
      1.0,
      1.0,
      1.0,
      1.0,
      1.0,
      1.0
    ],
    "time": [
      3.9900005504023284e-05,
      7.480000203941017e-05,
      8.36000035633333e-05,
      7.220000406960025e-05,
      9.150000551017001e-05,
      8.499999967170879e-05,
      9.270000009564683e-05,
      9.00999948498793e-05,
      8.850000449456275e-05,
      0.00010259999544359744,
      7.119999645510688e-05,
      6.720000237692147e-05,
      0.00011720000475179404,
      9.600000339560211e-05,
      0.00012710000009974465,
      0.0001024999946821481,
      0.00010639999527484179,
      7.979999645613134e-05,
      7.340000593103468e-05,
      0.00010819999442901462,
      0.00011780000204453245,
      3.9200000173877925e-05,
      7.709999772487208e-05,
      0.00016500000492669642,
      0.00012739999510813504,
      0.00014139999984763563,
      0.00011850000009872019,
      8.630000229459256e-05,
      9.370000043418258e-05,
      0.00012170000263722613,
      0.00010879999899771065,
      0.00010759999713627622,
      9.030000364873558e-05
    ],
    "jaccard": [
      1.0,
      1.0,
      1.0,
      1.0,
      1.0,
      1.0,
      1.0,
      1.0,
      1.0,
      1.0,
      1.0,
      1.0,
      1.0,
      1.0,
      1.0,
      1.0,
      1.0,
      1.0,
      1.0,
      1.0,
      1.0,
      1.0,
      1.0,
      1.0,
      1.0,
      1.0,
      1.0,
      1.0,
      1.0,
      1.0,
      1.0,
      1.0,
      1.0
    ],
    "update_idx": [
      0,
      50,
      100,
      150,
      200,
      250,
      300,
      350,
      400,
      450,
      499,
      0,
      50,
      100,
      150,
      200,
      250,
      300,
      350,
      400,
      450,
      499,
      0,
      50,
      100,
      150,
      200,
      250,
      300,
      350,
      400,
      450,
      499
    ]
  },
  "static": {
    "score": [
      0.7303333333333333,
      0.7303333333333333,
      0.7303333333333333,
      0.7303333333333333,
      0.7303333333333333,
      0.7303333333333333,
      0.7303333333333333,
      0.7306666666666666,
      0.7306666666666666,
      0.7306666666666666,
      0.7306666666666666,
      0.6755555555555556,
      0.6755555555555556,
      0.6755555555555556,
      0.6755555555555556,
      0.6755555555555556,
      0.6755555555555556,
      0.6755555555555556,
      0.6755555555555556,
      0.6755555555555556,
      0.6755555555555556,
      0.6755555555555556,
      0.75,
      0.75,
      0.75,
      0.75,
      0.75,
      0.75,
      0.75,
      0.75,
      0.75,
      0.75,
      0.75
    ],
    "time": [
      0.42024019999371376,
      0.4025279000052251,
      0.39375200000358745,
      0.39604939999844646,
      0.3965712999997777,
      0.3996439000038663,
      0.3887219999960507,
      0.3975589999972726,
      0.40863659999740776,
      0.4075407999989693,
      0.40258059999905527,
      0.3761672999971779,
      0.38315610000427114,
      0.36399990000063553,
      0.36580149999645073,
      0.375632700001006,
      0.36106850000214763,
      0.3844959000052768,
      0.3624786999935168,
      0.363304500002414,
      0.3647404000003007,
      0.36218080000253394,
      0.40412369999830844,
      0.4026134000014281,
      0.4215148000002955,
      0.4176669000007678,
      0.43174969999381574,
      0.4132261999984621,
      0.4059062000014819,
      0.4011415999993915,
      0.4035619999995106,
      0.40470490000006976,
      0.40747259999625385
    ]
  },
  "periodic": {},
  "summary": {
    "avg_dyn_time_ms": 0.09590000042931714,
    "avg_static_time_ms": 393.6524848481481,
    "speedup": 4104.822555640016,
    "avg_jaccard": 1.0,
    "avg_quality_ratio": 0.999944702499447,
    "total_checkpoints": 33
  },
  "bb_timeout_tracked": true
}