{
  "run_id": "C5_h2",
  "config": {
    "dataset": "dblp",
    "k": 3,
    "size_bound": 10,
    "num_updates": 500,
    "update_type": "insertion",
    "hop_limit": 2,
    "seed": 42
  },
  "dynascsh": {
    "score": [
      0.7303333333333333,
      0.7303333333333333,
      0.7303333333333333,
      0.7303333333333333,
      0.7303333333333333,
      0.7303333333333333,
      0.7303333333333333,
      0.7303333333333333,
      0.7303333333333333,
      0.7303333333333333,
      0.7303333333333333,
      0.6755555555555556,
      0.6755555555555556,
      0.6755555555555556,
      0.6755555555555556,
      0.6755555555555556,
      0.6755555555555556,
      0.6755555555555556,
      0.6755555555555556,
      0.6755555555555556,
      0.6755555555555556,
      0.6755555555555556,
      0.75,
      0.75,
      0.75,
      0.75,
      0.75,
      0.75,
      0.75,
      0.75,
      0.75,
      0.75,
      0.75
    ],
    "quality_ratio": [
      1.0,
      1.0,
      1.0,
      1.0,
      1.0,
      1.0,
      1.0,
      0.999543795620438,
      0.999543795620438,
      0.999543795620438,
      0.999543795620438,
      1.0,
      1.0,
      1.0,
      1.0,
      1.0,
      1.0,
      1.0,
      1.0,
      1.0,
      1.0,
      1.0,
      1.0,
      1.0,
      1.0,
      1.0,
      1.0,
      1.0,
      1.0,
      1.0,
      1.0,
      1.0,
      1.0
    ],
    "time": [
      3.9200000173877925e-05,
      8.550000347895548e-05,
      8.209999941755086e-05,
      6.690000009257346e-05,
      9.549999958835542e-05,
      8.590000652475283e-05,
      8.879999950295314e-05,
      8.949999755714089e-05,
      8.579999848734587e-05,
      9.929999941959977e-05,
      7.249999907799065e-05,
      6.629999552387744e-05,
      0.00011889999586855993,
      9.73999995039776e-05,
      0.00025409999943803996,
      9.180000051856041e-05,
      0.00010570000449661165,
      8.379999781027436e-05,
      8.199999865610152e-05,
      8.879999950295314e-05,
      0.00012660000356845558,
      5.7199998991563916e-05,
      7.619999814778566e-05,
      0.0001436000020476058,
      0.00015899999561952427,
      0.00015220000204863027,
      0.000127500003145542,
      9.190000128000975e-05,
      8.81000014487654e-05,
      0.00011140000424347818,
      0.0001097999993362464,
      9.980000322684646e-05,
      9.010000212583691e-05
    ],
    "jaccard": [
      1.0,
      1.0,
      1.0,
      1.0,
      1.0,
      1.0,
      1.0,
      1.0,
      1.0,
      1.0,
      1.0,
      1.0,
      1.0,
      1.0,
      1.0,
      1.0,
      1.0,
      1.0,
      1.0,
      1.0,
      1.0,
      1.0,
      1.0,
      1.0,
      1.0,
      1.0,
      1.0,
      1.0,
      1.0,
      1.0,
      1.0,
      1.0,
      1.0
    ],
    "update_idx": [
      0,
      50,
      100,
      150,
      200,
      250,
      300,
      350,
      400,
      450,
      499,
      0,
      50,
      100,
      150,
      200,
      250,
      300,
      350,
      400,
      450,
      499,
      0,
      50,
      100,
      150,
      200,
      250,
      300,
      350,
      400,
      450,
      499
    ]
  },
  "static": {
    "score": [
      0.7303333333333333,
      0.7303333333333333,
      0.7303333333333333,
      0.7303333333333333,
      0.7303333333333333,
      0.7303333333333333,
      0.7303333333333333,
      0.7306666666666666,
      0.7306666666666666,
      0.7306666666666666,
      0.7306666666666666,
      0.6755555555555556,
      0.6755555555555556,
      0.6755555555555556,
      0.6755555555555556,
      0.6755555555555556,
      0.6755555555555556,
      0.6755555555555556,
      0.6755555555555556,
      0.6755555555555556,
      0.6755555555555556,
      0.6755555555555556,
      0.75,
      0.75,
      0.75,
      0.75,
      0.75,
      0.75,
      0.75,
      0.75,
      0.75,
      0.75,
      0.75
    ],
    "time": [
      0.3943809999982477,
      0.40452940000250237,
      0.41193579999526264,
      0.4130860000004759,
      0.3903993999992963,
      0.40869910000037635,
      0.3969513999982155,
      0.4059133999980986,
      0.398274200000742,
      0.4146284000016749,
      0.4182070000024396,
      0.37004979999619536,
      0.3815686000016285,
      0.3636359000010998,
      0.3651075000016135,
      0.37161380000179633,
      0.36536830000113696,
      0.36901940000097966,
      0.37104330000147456,
      0.3630734000034863,
      0.3679100000008475,
      0.36550599999463884,
      0.41528879999532364,
      0.4047199000051478,
      0.4218563000031281,
      0.40595870000106515,
      0.41080179999698885,
      0.4010557000001427,
      0.42838590000610566,
      0.4315292999963276,
      0.4036259000058635,
      0.42498750000231666,
      0.4017459000024246
    ]
  },
  "periodic": {},
  "summary": {
    "avg_dyn_time_ms": 0.10040000029910129,
    "avg_static_time_ms": 395.7835393944565,
    "speedup": 3942.067113698995,
    "avg_jaccard": 1.0,
    "avg_quality_ratio": 0.999944702499447,
    "total_checkpoints": 33
  },
  "bb_timeout_tracked": true
}