{
  "run_id": "C6_h3",
  "config": {
    "dataset": "dblp",
    "k": 3,
    "size_bound": 10,
    "num_updates": 500,
    "update_type": "insertion",
    "hop_limit": 2,
    "seed": 42
  },
  "dynascsh": {
    "score": [
      0.7303333333333333,
      0.7303333333333333,
      0.7303333333333333,
      0.7303333333333333,
      0.7303333333333333,
      0.7303333333333333,
      0.7303333333333333,
      0.7303333333333333,
      0.7303333333333333,
      0.7303333333333333,
      0.7303333333333333,
      0.6755555555555556,
      0.6755555555555556,
      0.6755555555555556,
      0.6755555555555556,
      0.6755555555555556,
      0.6755555555555556,
      0.6755555555555556,
      0.6755555555555556,
      0.6755555555555556,
      0.6755555555555556,
      0.6755555555555556,
      0.75,
      0.75,
      0.75,
      0.75,
      0.75,
      0.75,
      0.75,
      0.75,
      0.75,
      0.75,
      0.75
    ],
    "quality_ratio": [
      1.0,
      1.0,
      1.0,
      1.0,
      1.0,
      1.0,
      1.0,
      0.999543795620438,
      0.999543795620438,
      0.999543795620438,
      0.999543795620438,
      1.0,
      1.0,
      1.0,
      1.0,
      1.0,
      1.0,
      1.0,
      1.0,
      1.0,
      1.0,
      1.0,
      1.0,
      1.0,
      1.0,
      1.0,
      1.0,
      1.0,
      1.0,
      1.0,
      1.0,
      1.0,
      1.0
    ],
    "time": [
      8.439999510301277e-05,
      7.780000305501744e-05,
      0.00011340000492054969,
      6.820000271545723e-05,
      9.309999586548656e-05,
      0.0001007999962894246,
      0.00014170000213198364,
      0.0001281000004382804,
      9.580000187270343e-05,
      0.00010260000271955505,
      9.999999747378752e-05,
      0.0001436000020476058,
      0.00011920000542886555,
      0.0001630000042496249,
      0.00021529999503400177,
      0.00010009999823523685,
      0.00011369999992894009,
      7.77000022935681e-05,
      7.239999831654131e-05,
      8.779999916441739e-05,
      0.0001982000030693598,
      3.579999611247331e-05,
      7.210000330815092e-05,
      0.00013480000052368268,
      0.00015110000094864517,
      0.00016709999908925965,
      0.0001260999997612089,
      8.679999882588163e-05,
      0.00011580000136746094,
      0.00011100000119768083,
      0.00010789999942062423,
      0.00010150000161956996,
      8.859999798005447e-05
    ],
    "jaccard": [
      1.0,
      1.0,
      1.0,
      1.0,
      1.0,
      1.0,
      1.0,
      1.0,
      1.0,
      1.0,
      1.0,
      1.0,
      1.0,
      1.0,
      1.0,
      1.0,
      1.0,
      1.0,
      1.0,
      1.0,
      1.0,
      1.0,
      1.0,
      1.0,
      1.0,
      1.0,
      1.0,
      1.0,
      1.0,
      1.0,
      1.0,
      1.0,
      1.0
    ],
    "update_idx": [
      0,
      50,
      100,
      150,
      200,
      250,
      300,
      350,
      400,
      450,
      499,
      0,
      50,
      100,
      150,
      200,
      250,
      300,
      350,
      400,
      450,
      499,
      0,
      50,
      100,
      150,
      200,
      250,
      300,
      350,
      400,
      450,
      499
    ]
  },
  "static": {
    "score": [
      0.7303333333333333,
      0.7303333333333333,
      0.7303333333333333,
      0.7303333333333333,
      0.7303333333333333,
      0.7303333333333333,
      0.7303333333333333,
      0.7306666666666666,
      0.7306666666666666,
      0.7306666666666666,
      0.7306666666666666,
      0.6755555555555556,
      0.6755555555555556,
      0.6755555555555556,
      0.6755555555555556,
      0.6755555555555556,
      0.6755555555555556,
      0.6755555555555556,
      0.6755555555555556,
      0.6755555555555556,
      0.6755555555555556,
      0.6755555555555556,
      0.75,
      0.75,
      0.75,
      0.75,
      0.75,
      0.75,
      0.75,
      0.75,
      0.75,
      0.75,
      0.75
    ],
    "time": [
      0.40805050000199117,
      0.40701650000119116,
      0.3970289999997476,
      0.3941855000011856,
      0.405387900005735,
      0.40136250000068685,
      0.3942271000050823,
      0.4002543999959016,
      0.4027379999970435,
      0.4096860999998171,
      0.4074200999966706,
      0.36507300000084797,
      0.3804191999952309,
      0.36417019999498734,
      0.36683439999615075,
      0.3733700000011595,
      0.36365590000059456,
      0.38907969999854686,
      0.3673960000014631,
      0.35946120000153314,
      0.36856039999838686,
      0.37256519999937154,
      0.4202067000005627,
      0.41006190000189235,
      0.40880810000089696,
      0.4141537000032258,
      0.41031829999701586,
      0.40256509999744594,
      0.41081750000012107,
      0.4141842999961227,
      0.4073175999947125,
      0.4790811999992002,
      0.40777299999899697
    ]
  },
  "periodic": {},
  "summary": {
    "avg_dyn_time_ms": 0.11198484880327614,
    "avg_static_time_ms": 396.46152121162174,
    "speedup": 3540.3139393266138,
    "avg_jaccard": 1.0,
    "avg_quality_ratio": 0.999944702499447,
    "total_checkpoints": 33
  },
  "bb_timeout_tracked": true
}