{
  "run_id": "C7_hinf",
  "config": {
    "dataset": "dblp",
    "k": 3,
    "size_bound": 10,
    "num_updates": 500,
    "update_type": "insertion",
    "hop_limit": 2,
    "seed": 42
  },
  "dynascsh": {
    "score": [
      0.7303333333333333,
      0.7303333333333333,
      0.7303333333333333,
      0.7303333333333333,
      0.7303333333333333,
      0.7303333333333333,
      0.7303333333333333,
      0.7303333333333333,
      0.7303333333333333,
      0.7303333333333333,
      0.7303333333333333,
      0.6755555555555556,
      0.6755555555555556,
      0.6755555555555556,
      0.6755555555555556,
      0.6755555555555556,
      0.6755555555555556,
      0.6755555555555556,
      0.6755555555555556,
      0.6755555555555556,
      0.6755555555555556,
      0.6755555555555556,
      0.75,
      0.75,
      0.75,
      0.75,
      0.75,
      0.75,
      0.75,
      0.75,
      0.75,
      0.75,
      0.75
    ],
    "quality_ratio": [
      1.0,
      1.0,
      1.0,
      1.0,
      1.0,
      1.0,
      1.0,
      0.999543795620438,
      0.999543795620438,
      0.999543795620438,
      0.999543795620438,
      1.0,
      1.0,
      1.0,
      1.0,
      1.0,
      1.0,
      1.0,
      1.0,
      1.0,
      1.0,
      1.0,
      1.0,
      1.0,
      1.0,
      1.0,
      1.0,
      1.0,
      1.0,
      1.0,
      1.0,
      1.0,
      1.0
    ],
    "time": [
      4.25000034738332e-05,
      9.510000381851569e-05,
      8.330000127898529e-05,
      6.939999730093405e-05,
      9.000000136438757e-05,
      8.759999764151871e-05,
      8.929999603424221e-05,
      8.849999721860513e-05,
      8.949999755714089e-05,
      9.690000297268853e-05,
      7.109999569365755e-05,
      6.84000042383559e-05,
      0.00012349999451544136,
      9.620000491850078e-05,
      0.00013240000407677144,
      9.310000314144418e-05,
      9.979999595088884e-05,
      8.250000246334821e-05,
      8.340000204043463e-05,
      8.070000330917537e-05,
      0.0001182000050903298,
      3.5700002626981586e-05,
      6.999999459367245e-05,
      0.00015299999358830974,
      0.00011709999671438709,
      0.00018039999849861488,
      0.00013059999764664099,
      8.610000077169389e-05,
      8.630000229459256e-05,
      0.00011169999925186858,
      0.00011049999739043415,
      0.00011410000297473744,
      8.960000559454784e-05
    ],
    "jaccard": [
      1.0,
      1.0,
      1.0,
      1.0,
      1.0,
      1.0,
      1.0,
      1.0,
      1.0,
      1.0,
      1.0,
      1.0,
      1.0,
      1.0,
      1.0,
      1.0,
      1.0,
      1.0,
      1.0,
      1.0,
      1.0,
      1.0,
      1.0,
      1.0,
      1.0,
      1.0,
      1.0,
      1.0,
      1.0,
      1.0,
      1.0,
      1.0,
      1.0
    ],
    "update_idx": [
      0,
      50,
      100,
      150,
      200,
      250,
      300,
      350,
      400,
      450,
      499,
      0,
      50,
      100,
      150,
      200,
      250,
      300,
      350,
      400,
      450,
      499,
      0,
      50,
      100,
      150,
      200,
      250,
      300,
      350,
      400,
      450,
      499
    ]
  },
  "static": {
    "score": [
      0.7303333333333333,
      0.7303333333333333,
      0.7303333333333333,
      0.7303333333333333,
      0.7303333333333333,
      0.7303333333333333,
      0.7303333333333333,
      0.7306666666666666,
      0.7306666666666666,
      0.7306666666666666,
      0.7306666666666666,
      0.6755555555555556,
      0.6755555555555556,
      0.6755555555555556,
      0.6755555555555556,
      0.6755555555555556,
      0.6755555555555556,
      0.6755555555555556,
      0.6755555555555556,
      0.6755555555555556,
      0.6755555555555556,
      0.6755555555555556,
      0.75,
      0.75,
      0.75,
      0.75,
      0.75,
      0.75,
      0.75,
      0.75,
      0.75,
      0.75,
      0.75
    ],
    "time": [
      0.3967899999988731,
      0.41017180000199005,
      0.40260459999990417,
      0.40130840000347234,
      0.39790809999976773,
      0.3960097999952268,
      0.4002431000044453,
      0.4009084999997867,
      0.40270730000338517,
      0.41296760000113863,
      0.3979481999995187,
      0.3782781999980216,
      0.36023690000001807,
      0.38223609999840846,
      0.39304590000392636,
      0.3782292999967467,
      0.37041229999886127,
      0.3852633999995305,
      0.3739886000039405,
      0.3638229999996838,
      0.36778549999871757,
      0.3675761999984388,
      0.4128435000020545,
      0.4180361000035191,
      0.4181375000043772,
      0.40268920000380604,
      0.4107277000002796,
      0.4177706000045873,
      0.4095697999946424,
      0.4132021000041277,
      0.40736309999920195,
      0.41211670000484446,
      0.4158826000057161
    ]
  },
  "periodic": {},
  "summary": {
    "avg_dyn_time_ms": 0.0959545456377479,
    "avg_static_time_ms": 396.32671818275634,
    "speedup": 4130.358968912088,
    "avg_jaccard": 1.0,
    "avg_quality_ratio": 0.999944702499447,
    "total_checkpoints": 33
  },
  "bb_timeout_tracked": true
}