{
  "run_id": "D1",
  "config": {
    "dataset": "dblp",
    "k": 3,
    "size_bound": 10,
    "num_updates": 500,
    "update_type": "deletion",
    "hop_limit": 2,
    "seed": 42
  },
  "dynascsh": {
    "score": [
      0.7303333333333333,
      0.6614814814814814,
      0.6614814814814814,
      0.6614814814814814,
      0.6163555555555555,
      0.6083555555555555,
      0.5895833333333333,
      0.5680676328502415,
      0.5534343434343434,
      0.5534343434343434,
      0.5534343434343434,
      0.6373931623931623,
      0.6373931623931623,
      0.6373931623931623,
      0.6373931623931623,
      0.5671980676328502,
      0.5671980676328502,
      0.5808333333333333,
      0.5558937198067633,
      0.5558937198067633,
      0.5558937198067633,
      0.5558937198067633,
      0.7099616858237549,
      0.7099616858237549,
      0.7099616858237549,
      0.7099616858237549,
      0.7099616858237549,
      0.6692592592592592,
      0.6692592592592592,
      0.6607407407407407,
      0.7040996168582376,
      0.7040996168582376,
      0.7040996168582376
    ],
    "quality_ratio": [
      1.0,
      0.9057254424666565,
      0.9057254424666565,
      0.9057254424666565,
      0.8439373193366804,
      0.8329834170089762,
      0.8072797809219535,
      0.7778196707214626,
      0.7577832178471156,
      0.7577832178471156,
      0.7577832178471156,
      1.0,
      1.0,
      1.0,
      1.0,
      0.8898715911906601,
      0.8898715911906601,
      0.9112638283607107,
      0.8721363086475535,
      0.8721363086475535,
      0.8721363086475535,
      0.8721363086475535,
      1.0,
      1.0,
      1.0,
      1.0,
      1.0,
      0.9431276208987994,
      0.9431276208987994,
      0.9311232294872487,
      0.9922250418443929,
      0.9922250418443929,
      0.9922250418443929
    ],
    "time": [
      0.0002339000056963414,
      0.000152299995534122,
      0.00012380000407574698,
      0.0001635999942664057,
      0.00017220000154338777,
      0.00011539999832166359,
      0.00012009999772999436,
      0.00012080000306013972,
      0.00012819999392377213,
      0.0001382000045850873,
      9.48999950196594e-05,
      0.00019600000086938962,
      0.0001731000011204742,
      0.00034329999471083283,
      0.00011480000102892518,
      0.00011500000255182385,
      0.00011169999925186858,
      0.00018400000408291817,
      0.0001109000004362315,
      0.00017410000145900995,
      0.00013150000449968502,
      8.709999383427203e-05,
      9.310000314144418e-05,
      0.00016820000018924475,
      0.00016989999858196825,
      0.0001264000020455569,
      0.00011529999756021425,
      9.442181899998104,
      0.00010109999857377261,
      0.00010630000178935006,
      0.00012400000559864566,
      8.900000102585182e-05,
      6.260000373004004e-05
    ],
    "jaccard": [
      1.0,
      0.8181818181818182,
      0.8181818181818182,
      0.8181818181818182,
      0.42857142857142855,
      0.8181818181818182,
      0.25,
      0.25,
      0.25,
      0.25,
      0.25,
      1.0,
      1.0,
      1.0,
      1.0,
      0.3333333333333333,
      0.3333333333333333,
      0.3333333333333333,
      0.3333333333333333,
      0.3333333333333333,
      0.3333333333333333,
      0.3333333333333333,
      1.0,
      1.0,
      1.0,
      1.0,
      1.0,
      0.1111111111111111,
      0.1111111111111111,
      0.1111111111111111,
      0.1111111111111111,
      0.1111111111111111,
      0.1111111111111111
    ],
    "update_idx": [
      0,
      50,
      100,
      150,
      200,
      250,
      300,
      350,
      400,
      450,
      499,
      0,
      50,
      100,
      150,
      200,
      250,
      300,
      350,
      400,
      450,
      499,
      0,
      50,
      100,
      150,
      200,
      250,
      300,
      350,
      400,
      450,
      499
    ]
  },
  "static": {
    "score": [
      0.7303333333333333,
      0.7303333333333333,
      0.7303333333333333,
      0.7303333333333333,
      0.7303333333333333,
      0.7303333333333333,
      0.7303333333333333,
      0.7303333333333333,
      0.7303333333333333,
      0.7303333333333333,
      0.7303333333333333,
      0.6373931623931623,
      0.6373931623931623,
      0.6373931623931623,
      0.6373931623931623,
      0.6373931623931623,
      0.6373931623931623,
      0.6373931623931623,
      0.6373931623931623,
      0.6373931623931623,
      0.6373931623931623,
      0.6373931623931623,
      0.7099616858237549,
      0.7099616858237549,
      0.7099616858237549,
      0.7099616858237549,
      0.7099616858237549,
      0.7096168582375479,
      0.7096168582375479,
      0.7096168582375479,
      0.7096168582375479,
      0.7096168582375479,
      0.7096168582375479
    ],
    "time": [
      0.4160842999990564,
      0.4030942000026698,
      0.4042656000019633,
      0.46567469999718014,
      0.41046900000219466,
      0.40119879999838304,
      0.41664879999734694,
      0.3899775999962003,
      0.4014427000001888,
      0.40787470000213943,
      0.42599630000040634,
      0.40681279999989783,
      0.40508499999850756,
      0.40923080000357004,
      0.3898563999973703,
      0.39726900000096066,
      0.396166099999391,
      0.39700530000118306,
      0.40734929999598535,
      0.3967661000060616,
      0.3958130999963032,
      0.38553759999922477,
      0.4200812999988557,
      0.4061188999985461,
      0.4111484000022756,
      0.4127211000013631,
      0.4384658000053605,
      0.41503540000121575,
      0.41000239999993937,
      0.40269419999822276,
      0.40342210000380874,
      0.4138452999977744,
      0.41732699999556644
    ]
  },
  "periodic": {},
  "summary": {
    "avg_dyn_time_ms": 286.26190000024064,
    "avg_static_time_ms": 408.4993969696701,
    "speedup": 1.4270128052993662,
    "avg_jaccard": 0.5439787485242031,
    "avg_quality_ratio": 0.9159440003357777,
    "total_checkpoints": 33
  },
  "bb_timeout_tracked": true
}