{
  "run_id": "D2",
  "config": {
    "dataset": "dblp",
    "k": 3,
    "size_bound": 10,
    "num_updates": 500,
    "update_type": "mixed",
    "hop_limit": 2,
    "seed": 42
  },
  "dynascsh": {
    "score": [
      0.7303333333333333,
      0.7303333333333333,
      0.7075478927203066,
      0.7075478927203066,
      0.7075478927203066,
      0.7075478927203066,
      0.7075478927203066,
      0.7075478927203066,
      0.7075478927203066,
      0.7075478927203066,
      0.7075478927203066,
      0.7685663082437276,
      0.7685663082437276,
      0.7685663082437276,
      0.7685663082437276,
      0.7685663082437276,
      0.7685663082437276,
      0.7685663082437276,
      0.7685663082437276,
      0.7685663082437276,
      0.7685663082437276,
      0.7685663082437276,
      0.7237547892720307,
      0.7237547892720307,
      0.7237547892720307,
      0.7237547892720307,
      0.7237547892720307,
      0.7237547892720307,
      0.7237547892720307,
      0.7237547892720307,
      0.7237547892720307,
      0.7237547892720307,
      0.7237547892720307
    ],
    "quality_ratio": [
      1.0,
      1.0,
      0.9688013136289,
      0.9688013136289,
      0.9688013136289,
      0.9688013136289,
      0.9688013136289,
      0.9688013136289,
      0.9688013136289,
      0.9688013136289,
      0.9688013136289,
      1.0,
      1.0,
      1.0,
      1.0,
      1.0,
      1.0,
      1.0,
      1.0,
      1.0,
      1.0,
      1.0,
      1.0,
      1.0,
      1.0,
      1.0,
      1.0,
      1.0,
      1.0,
      1.0,
      1.0,
      1.0,
      1.0
    ],
    "time": [
      0.00010119999933522195,
      8.07999967946671e-05,
      5.5000004067551345e-05,
      0.00010189999738940969,
      0.00013280000712256879,
      0.00011679999443003908,
      0.0001449999981559813,
      1.4199998986441642e-05,
      0.00017120000120485201,
      1.3299999409355223e-05,
      5.579999560723081e-05,
      1.1800002539530396e-05,
      7.310000364668667e-05,
      1.4599994756281376e-05,
      9.57000011112541e-05,
      5.100000271340832e-05,
      7.550000009359792e-05,
      9.789999603526667e-05,
      1.4500001270789653e-05,
      0.00010170000314246863,
      8.280000474769622e-05,
      0.00018709999858401716,
      1.5399993571918458e-05,
      0.0001053000014508143,
      1.4500001270789653e-05,
      1.3700002455152571e-05,
      9.519999730400741e-05,
      4.949999856762588e-05,
      0.00010919999476755038,
      1.4700002793688327e-05,
      9.88000028883107e-05,
      0.00010309999925084412,
      9.450000652577728e-05
    ],
    "jaccard": [
      1.0,
      1.0,
      0.8181818181818182,
      0.8181818181818182,
      0.8181818181818182,
      0.8181818181818182,
      0.8181818181818182,
      0.8181818181818182,
      0.8181818181818182,
      0.8181818181818182,
      0.8181818181818182,
      1.0,
      1.0,
      1.0,
      1.0,
      1.0,
      1.0,
      1.0,
      1.0,
      1.0,
      1.0,
      1.0,
      1.0,
      1.0,
      1.0,
      1.0,
      1.0,
      1.0,
      1.0,
      1.0,
      1.0,
      1.0,
      1.0
    ],
    "update_idx": [
      0,
      50,
      100,
      150,
      200,
      250,
      300,
      350,
      400,
      450,
      496,
      0,
      50,
      100,
      150,
      200,
      250,
      300,
      350,
      400,
      450,
      499,
      0,
      50,
      100,
      150,
      200,
      250,
      300,
      350,
      400,
      450,
      498
    ]
  },
  "static": {
    "score": [
      0.7303333333333333,
      0.7303333333333333,
      0.7303333333333333,
      0.7303333333333333,
      0.7303333333333333,
      0.7303333333333333,
      0.7303333333333333,
      0.7303333333333333,
      0.7303333333333333,
      0.7303333333333333,
      0.7303333333333333,
      0.7685663082437276,
      0.7685663082437276,
      0.7685663082437276,
      0.7685663082437276,
      0.7685663082437276,
      0.7685663082437276,
      0.7685663082437276,
      0.7685663082437276,
      0.7685663082437276,
      0.7685663082437276,
      0.7685663082437276,
      0.7237547892720307,
      0.7237547892720307,
      0.7237547892720307,
      0.7237547892720307,
      0.7237547892720307,
      0.7237547892720307,
      0.7237547892720307,
      0.7237547892720307,
      0.7237547892720307,
      0.7237547892720307,
      0.7237547892720307
    ],
    "time": [
      0.40238330000283895,
      0.4070810000048368,
      0.39214170000195736,
      0.4433006000035675,
      0.3975196999963373,
      0.4144884999986971,
      0.392005199995765,
      0.4079111000028206,
      0.4020799999998417,
      0.40129029999661725,
      0.39133980000042357,
      0.3777611999976216,
      0.43555089999426855,
      0.3880924999975832,
      0.3836624999967171,
      0.3915341999963857,
      0.3960896999997203,
      0.41512220000004163,
      0.3821805999978096,
      0.3833959999974468,
      0.38767830000142567,
      0.3848604999948293,
      0.4475023000049987,
      0.41181800000049407,
      0.40452680000453256,
      0.39585929999884684,
      0.40052060000016354,
      0.42397119999805,
      0.39742349999869475,
      0.4243185999948764,
      0.4057992000016384,
      0.4032297000012477,
      0.4011845000059111
    ]
  },
  "periodic": {},
  "summary": {
    "avg_dyn_time_ms": 0.0759878788482059,
    "avg_static_time_ms": 402.83707575718205,
    "speedup": 5301.333342412322,
    "avg_jaccard": 0.9504132231404959,
    "avg_quality_ratio": 0.9914912673533364,
    "total_checkpoints": 33
  },
  "bb_timeout_tracked": true
}