{
  "HYB-A1": {
    "speedup": 10450.620588700716,
    "jaccard": 1.0,
    "qratio": 1.0,
    "dyn_ms": 0.09029090936316855,
    "static_ms": 943.5960363632396,
    "repairs": 0,
    "recomps": 0
  },
  "HYB-A2": {
    "speedup": 5853.011052840348,
    "jaccard": 1.0,
    "qratio": 0.9341000195760901,
    "dyn_ms": 0.15863181761233136,
    "static_ms": 928.4737818171297,
    "repairs": 0,
    "recomps": 4
  },
  "HYB-D1": {
    "speedup": 6160.052953720248,
    "jaccard": 1.0,
    "qratio": 0.9326900637569431,
    "dyn_ms": 0.1531409090437757,
    "static_ms": 943.3561090905145,
    "repairs": 0,
    "recomps": 4
  },
  "HYB-B1": {
    "speedup": 10653.955491482791,
    "jaccard": 1.0,
    "qratio": 1.0,
    "dyn_ms": 0.08466818227051673,
    "static_ms": 902.0510454548375,
    "repairs": 0,
    "recomps": 0
  },
  "HYB-B2": {
    "speedup": 5920.747079136437,
    "jaccard": 1.0,
    "qratio": 0.9341000195760901,
    "dyn_ms": 0.1568500004147857,
    "static_ms": 928.6691818183912,
    "repairs": 0,
    "recomps": 4
  }
}